net,length_um
net258,580.1µm
clknet_2_1__leaf_clk,570.75µm
clknet_2_3__leaf_clk,549.8µm
clknet_2_2__leaf_clk,497.62µm
net268,459.37µm
clknet_2_0__leaf_clk,447.75µm
net257,432.2µm
net271,384.72µm
net183,382.47µm
net259,381.89µm
net184,374.905µm
clknet_0_clk,374.75µm
net256,367.56µm
net269,362.7µm
net255,352.09µm
U_TOP.U_CACHE.BUS_RDATA\[1\],351.17µm
U_TOP.U_CACHE.bus_pend_rdata\[23\],342.94µm
net131,339.5µm
U_TOP.U_CACHE.bus_pend_rdata\[17\],338.3µm
U_TOP.U_CACHE.BUS_RDATA\[5\],337.8µm
net270,331.17µm
_1554_,328.53µm
net111,328.3µm
U_TOP.U_CACHE.bus_pend_rdata\[19\],327.02µm
net177,324.97µm
U_TOP.U_CACHE.BUS_RDATA\[2\],324.64µm
U_TOP.U_CACHE.BUS_RDATA\[4\],317.01µm
net176,316.13µm
net175,315.58µm
net118,314.35µm
net230,313.99µm
net38,298.9µm
net206,298.175µm
net127,297.63µm
U_TOP.U_CACHE.bus_pend_rdata\[7\],294.48µm
uo_out[0],293.99µm
U_TOP.U_CACHE.if_mis_req_pend,293.25µm
net351,292.68µm
net109,290.05µm
U_TOP.U_CACHE.bus_pend_rdata\[11\],289.09µm
net185,288.97µm
net352,287.46µm
net204,285.43µm
U_TOP.U_CACHE.BUS_RDATA\[7\],284.41µm
U_TOP.U_CACHE.dm_hit_dphase_wdata\[6\],279.45µm
net145,277.85µm
net201,276.1µm
net48,276.05µm
net51,269.62µm
net287,267.55µm
net54,267.47µm
U_TOP.U_CACHE.bus_pend_rdata\[9\],266.44µm
_2204_,266.195µm
U_TOP.U_CACHE.bus_pend_rdata\[16\],265.54µm
net341,264.63µm
U_TOP.U_CACHE.BUS_RDATA\[0\],263.06µm
_1104_,262.58µm
U_TOP.U_CACHE.dm_hit_dphase_wdata\[0\],261.135µm
net178,260.11µm
net43,259.255µm
net60,258.29µm
net103,257.375µm
U_TOP.U_CACHE.dm_hit_dphase_wdata\[3\],257.36µm
U_TOP.U_CACHE.dm_hit_dphase_wdata\[4\],257.31µm
net174,256.31µm
_1110_,255.64µm
net247,254.98µm
net129,252.3µm
net107,252.27µm
U_TOP.U_CACHE.bus_pend_rdata\[13\],251.72µm
net249,250.07µm
net99,249.8µm
U_TOP.U_CACHE.bus_pend_rdata\[18\],249.42µm
net194,249.275µm
U_TOP.U_CACHE.BUS_RDATA\[3\],248.99µm
net181,248.02µm
U_TOP.U_CACHE.bus_pend_rdata\[15\],247.005µm
net57,246.455µm
net200,245.985µm
net44,244.77µm
net141,244.45µm
U_TOP.U_CACHE.BUS_RDATA\[6\],244.11µm
net46,243.63µm
net123,243.35µm
net45,242.955µm
net140,242.765µm
U_TOP.U_CACHE.bus_pend_rdata\[20\],242.58µm
U_TOP.U_CACHE.bus_pend_rdata\[4\],242.42µm
net172,242.11µm
net120,241.98µm
net142,241.76µm
_0757_,237.21µm
_1258_,236.93µm
_1712_,236.36µm
net117,235.58µm
net53,235.57µm
net28,233.68µm
net49,233.51µm
net124,233.5µm
net71,229.87µm
net104,228.83µm
_0746_,228.03µm
net100,226.32µm
net324,222.44µm
net101,221.82µm
net59,221.23µm
net193,220.96µm
net125,220.32µm
net250,220.02µm
net52,219.56µm
_1351_,218.28µm
_1557_,218.12µm
U_TOP.U_CACHE.bus_pend_rdata\[8\],217.585µm
net41,216.345µm
U_TOP.U_CPU.if_code\[1\],215.85µm
net56,215.715µm
U_TOP.U_CACHE.bus_pend_rdata\[14\],214.815µm
U_TOP.U_CACHE.bus_pend_rdata\[22\],214.3µm
_0950_,213.845µm
net82,212.74µm
net187,212.26µm
net143,212.05µm
U_TOP.U_CACHE.dm_hit_dphase_wdata\[2\],211.91µm
U_TOP.U_CACHE.bus_pend_rdata\[5\],210.69µm
U_TOP.U_CACHE.dm_hit_dphase_wdata\[7\],209.7µm
U_TOP.U_CPU.if_code\[0\],209.425µm
net55,207.675µm
_1354_,206.44µm
U_TOP.U_CACHE.IF_ADDR\[0\],205.5µm
net122,205.38µm
net97,205.25µm
net75,205.12µm
net245,204.53µm
net163,203.68µm
_1243_,203.33µm
U_TOP.U_CACHE.IF_ADDR\[2\],203.18µm
net197,202.655µm
net170,202.185µm
U_TOP.U_CACHE.if_hit_dphase_addr\[2\],200.98µm
_1343_,198.2µm
net98,197.8µm
_2023_,196.91µm
net37,196.88µm
net240,196.72µm
net190,196.58µm
_0921_,195.41µm
net253,195.04µm
net243,194.23µm
U_TOP.U_CACHE.dm_hit_dphase_wdata\[5\],193.26µm
U_TOP.U_CPU.if_code\[2\],192.92µm
net47,192.78µm
net1,192.53µm
net188,192.06µm
_1369_,191.74µm
U_TOP.U_CACHE.IF_ADDR\[1\],190.68µm
U_TOP.U_CPU.if_code\[3\],190.3µm
net228,190.115µm
U_TOP.U_CACHE.bus_pend_rdata\[12\],190.04µm
net232,189.275µm
U_TOP.U_CACHE.bus_pend_rdata\[21\],189.145µm
_1271_,189.06µm
net136,188.74µm
U_TOP.U_CACHE.if_hit_dphase_addr\[3\],187.99µm
net112,187.71µm
net58,186.5µm
_1108_,186.38µm
U_TOP.U_CACHE.bus_pend_rdata\[10\],186.18µm
net186,185.4µm
U_TOP.U_CACHE.IF_ADDR\[4\],185.36µm
_1725_,184.585µm
net26,184.585µm
net237,183.88µm
U_TOP.U_CACHE.DM_ADDR\[5\],182.92µm
net254,182.4µm
U_TOP.U_CACHE.bus_pend_rdata\[3\],182.12µm
net30,181.085µm
U_TOP.U_CACHE.DM_ADDR\[12\],179.16µm
_1097_,179.16µm
net63,178.74µm
net192,177.86µm
_1261_,176.44µm
net309,175.42µm
net307,175.2µm
net189,174.36µm
net165,174.26µm
_0932_,173.24µm
U_TOP.U_CACHE.BUS_RDY,173.06µm
U_TOP.U_CACHE.dm_mis_dphase_wdata\[6\],171.08µm
U_TOP.U_UART.U_SASC_TOP.rxd_dly\[0\],170.79µm
net121,170.32µm
clknet_leaf_1_clk,169.88µm
U_TOP.U_CACHE.dm_hit_dphase_wdata\[1\],169.65µm
net69,169.14µm
net61,168.8µm
_0710_,168.63µm
net283,168.04µm
_0920_,167.4µm
clknet_leaf_27_clk,167.37µm
net264,166.51µm
net132,165.97µm
net235,164.46µm
net7,164.315µm
_1126_,163.74µm
_2390_,162.63µm
net139,161.82µm
net22,161.67µm
net79,161.25µm
U_TOP.U_CACHE.DM_ADDR\[9\],160.84µm
net162,160.38µm
_1358_,160.27µm
net384,160.245µm
clknet_leaf_28_clk,160.02µm
net233,159.61µm
U_TOP.U_CACHE.bus_pend_rdata\[6\],159.46µm
net191,159.01µm
_1364_,158.8µm
U_TOP.U_CACHE.bus_pend_rdata\[0\],158.535µm
net306,157.31µm
net73,156.77µm
net74,156.71µm
clknet_leaf_7_clk,156.27µm
U_TOP.U_CACHE.dm_mis_dphase_wdata\[3\],156.22µm
_2397_,155.88µm
net334,155.66µm
_1476_,155.27µm
net34,153.33µm
net252,153.33µm
U_TOP.U_CACHE.dm_mis_dphase_wdata\[0\],152.32µm
_1260_,152.3µm
net77,152.195µm
_1876_,150.965µm
_2228_,150.06µm
net105,149.72µm
net173,148.83µm
net72,148.735µm
net126,148.14µm
_0887_,147.56µm
clknet_leaf_16_clk,147.56µm
U_TOP.U_CPU.dr_data\[6\],146.67µm
net83,146.34µm
net11,146.02µm
clknet_leaf_29_clk,145.87µm
_2391_,145.78µm
_2389_,145.63µm
clknet_leaf_42_clk,145.46µm
_2405_,145.38µm
_0707_,144.46µm
clknet_leaf_31_clk,144.24µm
clknet_leaf_53_clk,143.96µm
net310,143.84µm
net266,143.81µm
net286,143.795µm
_2028_,142.98µm
U_TOP.U_CACHE.dm_mis_dphase_wdata\[4\],141.86µm
net205,140.98µm
_0708_,139.68µm
_0935_,139.015µm
clknet_leaf_45_clk,138.4µm
net144,137.195µm
clk,137.09µm
_1738_,136.82µm
_2403_,136.72µm
net303,136.54µm
net265,136.5µm
net261,135.62µm
_0709_,135.335µm
U_TOP.U_CPU.dr_data\[7\],134.51µm
_2401_,134.11µm
net70,134.06µm
clknet_leaf_41_clk,133.45µm
net102,132.89µm
clknet_leaf_26_clk,132.64µm
net251,132.21µm
net244,131.635µm
net24,131µm
net81,130.53µm
_1873_,130.02µm
net147,129.895µm
clknet_leaf_25_clk,129.79µm
_0952_,129.48µm
net263,128.36µm
_1262_,127.28µm
clknet_leaf_37_clk,127.215µm
clknet_leaf_0_clk,126.8µm
_1886_,126.78µm
U_TOP.U_UART.txd_dphase,126.36µm
net159,126.14µm
net29,126.1µm
_1808_,126.03µm
net208,125.65µm
clknet_leaf_24_clk,125.63µm
net289,125.47µm
net31,125.4µm
net119,125.05µm
clknet_leaf_43_clk,124.215µm
net203,123.73µm
_1259_,123.46µm
net315,123.32µm
_0745_,123.3µm
net239,122.74µm
_1560_,122.275µm
net146,122.22µm
_0905_,122.135µm
net282,121.55µm
net292,121.42µm
net313,121.23µm
net298,120.81µm
U_TOP.U_CPU.dr_data\[4\],120.48µm
_2334_,120.42µm
net50,119.3µm
net207,119.18µm
net148,119.13µm
net128,118.94µm
clknet_leaf_22_clk,118.62µm
_1142_,118.43µm
net21,118.31µm
clknet_leaf_30_clk,117.44µm
net229,116.7µm
net195,116.695µm
clknet_leaf_34_clk,116.34µm
clknet_leaf_12_clk,115.72µm
net317,115.29µm
net33,115.24µm
net35,115.225µm
_2242_,115.18µm
net149,114.865µm
_1111_,114.78µm
clknet_leaf_32_clk,114.5µm
_2393_,113.25µm
U_TOP.U_CACHE.DM_ADDR\[0\],112.58µm
clknet_leaf_36_clk,112.28µm
net8,111.95µm
net153,111.86µm
_2037_,111.76µm
U_TOP.U_CACHE.if_hit_dphase_addr\[4\],111.49µm
_0911_,110.64µm
clknet_leaf_39_clk,110.46µm
clknet_leaf_6_clk,110.04µm
_2249_,110.01µm
_0948_,109.95µm
clknet_leaf_8_clk,109.84µm
net27,109.76µm
_0711_,109.55µm
_2256_,109.31µm
_1121_,109.26µm
_2221_,108.86µm
net80,108.86µm
_0778_,108.8µm
U_TOP.U_CPU.dr_data\[0\],108.66µm
net108,108.54µm
_1717_,108.39µm
_1100_,107.5µm
_2235_,107.32µm
net316,107.14µm
net241,106.69µm
net294,106.65µm
_1877_,106.51µm
net115,105.825µm
net179,105.445µm
_1952_,105.08µm
clknet_leaf_40_clk,104.86µm
clknet_leaf_38_clk,104.82µm
net314,104.62µm
clknet_leaf_44_clk,104.42µm
clknet_leaf_3_clk,104.38µm
clknet_leaf_9_clk,104.28µm
net330,104.24µm
U_TOP.U_CACHE.bus_pend_rdata\[2\],104.12µm
net276,104.11µm
U_TOP.U_CACHE.bus_pend_rdata\[1\],104.01µm
_1378_,103.66µm
net161,103.3µm
net78,103.06µm
_1359_,103.02µm
net167,102.83µm
net347,102.4µm
_2270_,102.28µm
net293,102.28µm
U_TOP.U_CACHE.dm_mis_dphase_wdata\[7\],102.07µm
net312,101.99µm
U_TOP.U_CACHE.DM_ADDR\[1\],101.84µm
_1570_,101.59µm
_2630_,101.21µm
net234,101.1µm
net236,100.92µm
clknet_leaf_21_clk,100.9µm
U_TOP.U_CACHE.dm_mis_dphase_wdata\[5\],100.88µm
net267,100.73µm
net285,100.72µm
net19,100.66µm
net231,100.325µm
net130,100.28µm
_1803_,100.14µm
net160,100.065µm
net288,100µm
U_TOP.U_CACHE.IF_ADDR\[15\],99.57µm
_1878_,99.48µm
net18,99.06µm
net110,98.9µm
net274,98.79µm
_2632_,98.65µm
clknet_leaf_52_clk,98.54µm
net336,97.79µm
net281,97.76µm
_1806_,97.63µm
clknet_leaf_49_clk,97.54µm
_0931_,97.41µm
_1951_,97.36µm
clknet_leaf_48_clk,97.14µm
net25,96.71µm
clknet_leaf_51_clk,95.64µm
U_TOP.U_CACHE.dc_d0\[2\],95.57µm
_1956_,95.54µm
clknet_leaf_20_clk,95.5µm
net248,95.47µm
net116,95.2µm
_1289_,95.1µm
net65,95.06µm
net164,94.74µm
net76,94.54µm
clknet_leaf_10_clk,94.44µm
net12,94.36µm
net17,94.36µm
_2284_,94.21µm
net342,94.01µm
_2263_,93.68µm
net171,93.62µm
net20,93.465µm
U_TOP.U_CACHE.dc_a0\[3\],93.3µm
net211,93.28µm
net62,93.24µm
U_TOP.U_UART.BRG.sio_ce,93.015µm
net291,92.83µm
_1118_,92.74µm
clknet_leaf_54_clk,92.66µm
net323,92.32µm
net300,92.29µm
_2395_,91.9µm
net88,91.8µm
clknet_leaf_2_clk,91.67µm
_2407_,90.85µm
U_TOP.U_CACHE.dc_d0\[6\],90.32µm
net344,90.15µm
net13,90.14µm
_1885_,89.72µm
net135,89.67µm
net301,89.41µm
_1879_,89.38µm
net297,89.07µm
net196,89.06µm
net337,88.97µm
net272,88.72µm
net150,88.54µm
net280,88.03µm
_0923_,87.645µm
U_TOP.U_CACHE.dc_a0\[0\],87.61µm
clknet_leaf_23_clk,87.26µm
_2214_,86.98µm
net227,86.92µm
net39,86.89µm
_0913_,86.59µm
_1957_,86.55µm
U_TOP.U_CACHE.dm_mis_dphase_addr\[1\],86.38µm
net106,86.34µm
net85,86.14µm
net349,86.07µm
net114,86.06µm
_1947_,86.04µm
clknet_leaf_13_clk,85.92µm
clknet_leaf_15_clk,85.9µm
net242,85.89µm
net290,85.59µm
clknet_leaf_18_clk,85.55µm
net331,85.29µm
net158,85.19µm
_1346_,85.06µm
U_TOP.U_CACHE.dc_d0\[4\],84.99µm
net113,84.75µm
_1855_,84.635µm
U_TOP.U_CPU.dr_data\[3\],84.31µm
_1571_,84.1µm
_0712_,84µm
net326,83.84µm
_1245_,83.61µm
_1546_,83.57µm
net90,83.55µm
_1051_,83.42µm
_1680_,82.88µm
_0713_,82.56µm
_2319_,82.4µm
_1703_,82.18µm
_1114_,82.02µm
U_TOP.U_UART.BRG.br_clr,81.86µm
clknet_leaf_46_clk,81.62µm
net10,81.58µm
net68,81.48µm
_2291_,81.3µm
U_TOP.U_CACHE.dm_mis_dphase_wdata\[1\],81.27µm
net273,81.16µm
net321,81.12µm
net213,81.06µm
clknet_leaf_47_clk,80.65µm
_0706_,80.4µm
net260,80.4µm
net319,80.07µm
U_TOP.U_RAM.QSPI_SIO_O\[2\],79.81µm
U_TOP.U_CACHE.DM_ADDR\[8\],79.74µm
net42,79.27µm
_1907_,79.1µm
clknet_leaf_11_clk,78.86µm
_1065_,78.8µm
net198,78.78µm
U_TOP.U_CACHE.dc_d1\[10\],78.61µm
net246,78.6µm
U_TOP.U_CPU.dr_data\[5\],78.58µm
net182,78.52µm
net305,78.19µm
_1495_,78.16µm
_1559_,78.05µm
U_TOP.U_CACHE.dc_d0\[5\],77.78µm
net277,77.61µm
clknet_leaf_33_clk,77.6µm
_1714_,77.41µm
_1533_,77.28µm
net156,77.06µm
U_TOP.U_CACHE.DM_ADDR\[3\],77.01µm
_1931_,76.92µm
clknet_leaf_35_clk,76.68µm
net94,76.64µm
_1101_,76.42µm
_0727_,76.4µm
net215,76.38µm
net209,76.335µm
net299,76.25µm
_1373_,76.22µm
net96,76.18µm
_2355_,76.125µm
net278,76.04µm
_1939_,75.96µm
_0960_,75.88µm
net296,75.7µm
_1302_,75.64µm
_2298_,75.62µm
_2207_,75.41µm
net212,75.345µm
net328,75.19µm
net219,75.16µm
net199,75.1µm
U_TOP.U_RAM.seq\[3\],74.99µm
net329,74.97µm
net36,74.85µm
U_TOP.U_CACHE.DM_ADDR\[13\],74.69µm
_0763_,74.335µm
U_TOP.U_RAM.addr\[11\],74µm
_1134_,73.88µm
_0963_,73.84µm
net152,73.6µm
clknet_leaf_17_clk,73.52µm
_1732_,73.14µm
net66,73.12µm
net23,72.84µm
_1127_,72.74µm
_2320_,72.69µm
_1248_,72.67µm
net318,72.57µm
net84,72.56µm
net92,72.49µm
_0749_,72.42µm
_0933_,72.36µm
_0769_,72.29µm
net302,72.17µm
_1379_,71.73µm
net214,71.595µm
net224,71.52µm
clknet_leaf_19_clk,71.44µm
net325,71.34µm
net151,71.33µm
_0942_,71.26µm
_1573_,71.26µm
_2399_,71.25µm
_1959_,71.2µm
net238,71µm
U_TOP.U_CACHE.dc_d1\[4\],70.84µm
_0914_,70.68µm
_1308_,70.63µm
_1674_,70.555µm
U_TOP.U_UART.div0_dphase,70.52µm
U_TOP.U_CACHE.dc_d0\[7\],70.46µm
net226,70.44µm
U_TOP.U_RAM.addr\[7\],70.37µm
_0944_,70.18µm
net311,70.08µm
net166,70µm
U_TOP.U_UART.U_SASC_TOP.rx_fifo.rp\[0\],69.99µm
net95,69.78µm
_2305_,69.76µm
_0938_,69.705µm
_1630_,69.58µm
net67,69.1µm
U_TOP.U_CACHE.bus_read,69.01µm
_2520_,69µm
net15,69µm
_1249_,68.945µm
U_TOP.U_CACHE.dm_mis_dphase_addr\[0\],68.56µm
_0922_,68.39µm
net284,68.31µm
_0859_,68.22µm
_0747_,68.14µm
U_TOP.U_CACHE.DM_ADDR\[10\],67.92µm
_2380_,67.92µm
_1842_,67.68µm
U_TOP.U_CACHE.dc_d1\[8\],67.66µm
_2029_,67.4µm
U_TOP.U_CACHE.dc_a0\[11\],67.32µm
U_TOP.U_RAM.QSPI_SIO_O\[3\],67.32µm
_1250_,67.09µm
net348,66.94µm
U_TOP.U_RAM.QSPI_SIO_O\[1\],66.8µm
_0742_,66.77µm
_1298_,66.16µm
net339,66.1µm
_1252_,65.96µm
_0847_,65.68µm
net333,65.455µm
net168,65.31µm
_1584_,65.22µm
U_TOP.U_CACHE.IF_ADDR\[3\],65.18µm
_2392_,64.76µm
net87,64.42µm
net222,64.38µm
net304,64.12µm
_0941_,64.04µm
net32,64µm
U_TOP.U_RAM.addr\[8\],63.92µm
net9,63.62µm
net64,63.53µm
_2026_,63.46µm
clknet_leaf_50_clk,63.46µm
net345,62.94µm
_1090_,62.7µm
U_TOP.U_CACHE.dm_hit_dphase_addr\[0\],62.48µm
U_TOP.U_CACHE.dc_a0\[2\],62.42µm
U_TOP.U_UART.BRG.div0\[7\],62.39µm
U_TOP.U_CACHE.dc_d1\[24\],62.3µm
net221,61.86µm
_0389_,61.74µm
_0716_,61.68µm
_1534_,61.68µm
clknet_leaf_5_clk,61.68µm
U_TOP.U_CACHE.bus_count\[2\],61.66µm
net279,61.59µm
_1241_,61.52µm
U_TOP.U_UART.BRG.div1\[2\],61.5µm
_2347_,61.5µm
U_TOP.U_CACHE.dc_d0\[8\],61.22µm
U_TOP.U_CACHE.ic_d1\[15\],61.16µm
_1071_,60.84µm
net308,60.77µm
_1953_,60.64µm
_0957_,60.56µm
_1556_,60.41µm
clknet_leaf_14_clk,60.34µm
U_TOP.U_UART.rxd_dphase,60.3µm
_1602_,59.61µm
_0703_,59.5µm
_1622_,59.28µm
U_TOP.U_CACHE.dc_d1\[28\],59.08µm
net322,59.03µm
_2036_,59.02µm
U_TOP.U_CACHE.dc_d0\[1\],58.875µm
net216,58.805µm
U_TOP.U_CACHE.dc_d1\[30\],58.385µm
U_TOP.U_CPU.seq\[1\],58.36µm
net86,58.33µm
_2277_,58.28µm
U_TOP.U_UART.BRG.div1\[0\],58.24µm
_1516_,58.08µm
_1545_,57.96µm
U_TOP.U_CPU.if_do_dphase,57.88µm
U_TOP.U_CACHE.dc_d1\[14\],57.78µm
U_TOP.U_CACHE.dc_a0\[10\],57.6µm
net220,57.38µm
U_TOP.U_CACHE.dc_d0\[10\],57.22µm
U_TOP.U_CACHE.dc_d1\[29\],57.145µm
_0740_,56.96µm
U_TOP.U_CACHE.dc_a0\[4\],56.88µm
U_TOP.U_RAM.addr\[0\],56.77µm
U_TOP.U_CACHE.dc_d0\[14\],56.67µm
ui_in[7],56.36µm
U_TOP.U_CACHE.dc_a0\[5\],56.35µm
_1914_,56.34µm
_0743_,56.07µm
_1521_,56.04µm
_1860_,55.92µm
_2378_,55.84µm
_0720_,55.78µm
_1664_,55.66µm
_1984_,55.6µm
net154,55.57µm
_1685_,55.56µm
_1112_,55.54µm
net327,55.41µm
net14,55.23µm
U_TOP.U_CACHE.dc_d1\[9\],55.22µm
_1304_,55.14µm
U_TOP.U_CACHE.dm_hit_dphase_addr\[1\],54.94µm
_0919_,54.7µm
_0924_,54.68µm
net93,54.68µm
_1375_,54.41µm
_1946_,54.16µm
_1553_,54.1µm
_1225_,54.04µm
_2628_,54.01µm
_1989_,53.98µm
_1288_,53.86µm
U_TOP.U_RAM.QSPI_SIO_O\[0\],53.76µm
_1691_,53.62µm
net332,53.49µm
_0735_,53.42µm
U_TOP.U_CACHE.dm_mis_dphase_write,53.34µm
net217,53.26µm
net137,53.22µm
_1120_,53.19µm
U_TOP.U_RAM.state\[0\],53.15µm
net16,53.14µm
U_TOP.U_UART.BRG.div1\[3\],53.04µm
U_TOP.U_UART.BRG.div1\[1\],52.995µm
clknet_leaf_4_clk,52.9µm
net262,52.82µm
U_TOP.U_UART.U_SASC_TOP.rx_fifo.din\[3\],52.66µm
_1474_,52.58µm
_0925_,52.57µm
U_TOP.U_RAM.addr\[5\],52.48µm
_1898_,52.42µm
_2387_,52.4µm
_1168_,52.28µm
U_TOP.U_CACHE.bus_count\[1\],52.27µm
U_TOP.U_CACHE.dc_d0\[19\],52.08µm
U_TOP.U_UART.BRG.div0\[0\],52.06µm
_0717_,52.06µm
U_TOP.U_CACHE.dc_d0\[16\],51.88µm
_0739_,51.8µm
U_TOP.U_RAM.seq\[1\],51.69µm
U_TOP.U_CACHE.ic_a1\[5\],51.54µm
_1624_,51.5µm
U_TOP.U_RAM.addr\[13\],51.32µm
_0965_,51.28µm
U_TOP.U_CACHE.IF_ADDR\[5\],51.08µm
U_TOP.U_CACHE.dc_a0\[9\],50.82µm
U_TOP.U_UART.BRG.div0\[1\],50.675µm
_1247_,50.66µm
U_TOP.U_UART.U_SASC_TOP.rx_fifo.din\[6\],50.54µm
_2493_,50.42µm
_0947_,50.415µm
_2025_,50.28µm
_0949_,50.225µm
_1263_,50.14µm
U_TOP.U_RAM.addr\[14\],49.96µm
_0744_,49.84µm
_2362_,49.79µm
U_TOP.U_UART.U_SASC_TOP.rx_fifo.din\[1\],49.74µm
_0928_,49.64µm
_1827_,49.58µm
_1529_,49.48µm
_0926_,49.165µm
U_TOP.U_RAM.addr\[9\],48.87µm
_1511_,48.74µm
_0962_,48.6µm
_2348_,48.53µm
U_TOP.U_CPU.ir_data\[7\],48.5µm
net155,48.41µm
_2369_,48.4µm
_1966_,48.38µm
U_TOP.U_UART.BRG.div1\[4\],48.3µm
U_TOP.U_CACHE.dc_a0\[8\],48.28µm
U_TOP.U_CACHE.dc_d0\[0\],48.28µm
_2458_,48.26µm
_0695_,48.23µm
_2532_,48.14µm
_1613_,48.02µm
_0781_,47.92µm
U_TOP.U_UART.U_SASC_TOP.din_i\[0\],47.84µm
net466,47.75µm
_1610_,47.74µm
_2312_,47.7µm
_1600_,47.66µm
_1062_,47.58µm
U_TOP.U_UART.BRG.div0\[2\],47.54µm
_1515_,47.38µm
net180,47µm
_1856_,46.945µm
U_TOP.U_UART.U_SASC_TOP.rx_fifo.din\[2\],46.94µm
_1659_,46.935µm
net340,46.92µm
_1082_,46.88µm
uio_in[2],46.77µm
_0777_,46.6µm
_0736_,46.56µm
_1861_,46.52µm
U_TOP.U_CACHE.ic_d1\[19\],46.48µm
_1689_,46.44µm
_1852_,46.38µm
_0927_,46.23µm
U_TOP.U_RAM.addr\[10\],46.16µm
U_TOP.U_RAM.addr\[4\],46.08µm
_1890_,46.06µm
_1658_,45.98µm
net225,45.94µm
U_TOP.U_UART.U_SASC_TOP.tx_fifo.wp\[0\],45.92µm
net335,45.87µm
U_TOP.U_UART.BRG.ps\[3\],45.78µm
_1254_,45.76µm
_1653_,45.6µm
U_TOP.U_CACHE.dc_d1\[16\],45.44µm
U_TOP.U_CPU.seq\[2\],45.36µm
_1124_,45.23µm
_1838_,45.06µm
U_TOP.U_UART.BRG.div0\[6\],45µm
U_TOP.U_UART.U_SASC_TOP.rx_fifo.wp\[0\],44.7µm
_0850_,44.58µm
_2543_,44.56µm
_1300_,44.52µm
_0775_,44.43µm
U_TOP.U_RAM.addr\[15\],44.42µm
U_TOP.U_UART.U_SASC_TOP.rx_fifo.rp\[1\],44.34µm
_1251_,44.16µm
_1190_,44.14µm
U_TOP.U_CACHE.dc_d0\[28\],44.1µm
U_TOP.U_RAM.addr\[6\],44.02µm
_1543_,43.96µm
U_TOP.U_RAM.addr\[12\],43.9µm
_2326_,43.86µm
U_TOP.U_UART.BRG.div0\[5\],43.82µm
_1645_,43.82µm
U_TOP.U_CACHE.dc_d1\[31\],43.705µm
_1710_,43.5µm
U_TOP.U_CACHE.dc_d1\[27\],43.345µm
_1293_,43.34µm
_1753_,43.26µm
_0751_,43.2µm
U_TOP.U_RAM.seq\[2\],43.13µm
_1647_,43.04µm
U_TOP.U_CACHE.dc_d1\[12\],42.88µm
_1106_,42.78µm
U_TOP.U_RAM.seq\[0\],42.68µm
_0729_,42.67µm
_1226_,42.62µm
_1740_,42.62µm
U_TOP.U_CACHE.dm_hit_dphase,42.4µm
U_TOP.U_UART.U_SASC_TOP.rx_fifo.din\[4\],42.38µm
U_TOP.U_CACHE.dc_d0\[15\],42.3µm
U_TOP.U_CACHE.dc_d1\[11\],42.27µm
U_TOP.U_CACHE.dc_d0\[29\],42.22µm
U_TOP.U_UART.BRG.br_cnt\[3\],42.18µm
_1807_,42.1µm
_1382_,42.06µm
_2540_,42.06µm
_0797_,42.04µm
net350,42.02µm
U_TOP.U_CACHE.dc_a1\[2\],41.98µm
_0725_,41.88µm
_1527_,41.78µm
U_TOP.U_CPU.ir_data\[3\],41.66µm
net40,41.6µm
U_TOP.U_UART.U_SASC_TOP.rxd_s,41.5µm
U_TOP.U_UART.BRG.ps\[4\],41.46µm
_1164_,41.4µm
U_TOP.U_CACHE.dc_d0\[22\],41.24µm
_0989_,41.24µm
U_TOP.U_CACHE.ic_a1\[10\],41.16µm
_1165_,41.06µm
U_TOP.U_CACHE.dc_d1\[26\],41.04µm
_0966_,40.94µm
U_TOP.U_UART.U_SASC_TOP.din_i\[4\],40.62µm
_1411_,40.56µm
_2513_,40.48µm
_1130_,40.38µm
U_TOP.U_CACHE.dc_d1\[18\],40.34µm
_0969_,40.22µm
net218,40.2µm
_0815_,40.18µm
_1414_,40.16µm
U_TOP.U_UART.U_SASC_TOP.din_i\[5\],40.155µm
_1273_,40.12µm
U_TOP.U_CACHE.ic_d0\[17\],39.86µm
U_TOP.U_CACHE.dc_a0\[1\],39.72µm
_1132_,39.68µm
U_TOP.U_CACHE.dc_d0\[3\],39.62µm
net89,39.58µm
U_TOP.U_CACHE.ic_v2,39.57µm
_1575_,39.54µm
U_TOP.U_CACHE.ic_a1\[0\],39.42µm
_2333_,39.4µm
_1942_,39.04µm
U_TOP.U_CACHE.ic_a3\[5\],39.03µm
net295,39.03µm
net91,39µm
_0693_,38.86µm
_1739_,38.85µm
_2523_,38.84µm
_1299_,38.78µm
_0884_,38.73µm
_1656_,38.66µm
U_TOP.U_UART.U_SASC_TOP.rx_fifo.din\[7\],38.6µm
net346,38.42µm
_1799_,38.32µm
_1294_,38.22µm
net338,38.2µm
_0783_,38.16µm
_0786_,38.13µm
_1285_,38.12µm
_0766_,38.09µm
_2375_,38.08µm
U_TOP.U_CACHE.ic_a3\[4\],38.03µm
net157,38.015µm
_2631_,37.82µm
U_TOP.U_CACHE.dm_mis_dphase_wdata\[2\],37.73µm
_1427_,37.7µm
net343,37.7µm
U_TOP.U_UART.U_SASC_TOP.shift_en,37.56µm
_0737_,37.56µm
_0738_,37.54µm
U_TOP.U_CACHE.if_mis_dphase_addr\[3\],37.48µm
_1058_,37.46µm
_1144_,37.38µm
_2433_,37.34µm
_0836_,37.22µm
_0929_,37.1µm
_1542_,37.08µm
_1305_,37.06µm
U_TOP.U_CACHE.dc_a0\[6\],37.02µm
U_TOP.U_CACHE.dc_d0\[27\],37µm
_0014_,36.82µm
uio_in[3],36.63µm
_0827_,36.58µm
U_TOP.U_CACHE.dc_d0\[9\],36.4µm
net202,36.305µm
_0798_,36.3µm
_1724_,36.24µm
_0794_,36.17µm
net275,36.13µm
_1242_,36.08µm
_0890_,36.06µm
_0718_,36µm
_0916_,35.96µm
U_TOP.U_UART.BRG.ps\[0\],35.9µm
_1194_,35.84µm
_1253_,35.84µm
U_TOP.U_CPU.ir_data\[2\],35.78µm
U_TOP.U_UART.BRG.div0\[3\],35.72µm
U_TOP.U_CACHE.dc_a1\[9\],35.64µm
_2425_,35.62µm
_0976_,35.54µm
_1805_,35.5µm
U_TOP.U_UART.U_SASC_TOP.din_i\[2\],35.46µm
net134,35.4µm
_2515_,35.38µm
_0973_,35.36µm
_1967_,35.36µm
U_TOP.U_CACHE.if_mis_dphase_addr\[4\],35.285µm
_1335_,35.14µm
U_TOP.U_UART.U_SASC_TOP.rx_fifo.din\[0\],35.09µm
U_TOP.U_CACHE.ic_a3\[2\],34.91µm
U_TOP.U_CACHE.IF_ADDR\[6\],34.895µm
U_TOP.U_UART.U_SASC_TOP.rx_fifo.din\[5\],34.86µm
_1171_,34.79µm
_0858_,34.72µm
_1136_,34.72µm
_1544_,34.72µm
_0937_,34.56µm
_2264_,34.54µm
_1281_,34.52µm
_2327_,34.5µm
U_TOP.U_CACHE.dc_d1\[6\],34.485µm
_1923_,34.4µm
_1472_,34.28µm
_1513_,34.2µm
_1264_,34.18µm
U_TOP.U_UART.U_SASC_TOP.rx_fifo.mem\[0\]\[4\],34.14µm
U_TOP.U_CACHE.dc_d0\[12\],34.13µm
U_TOP.U_UART.BRG.br_cnt\[2\],34.12µm
U_TOP.U_CACHE.dc_d1\[19\],34.1µm
_1408_,33.94µm
_0719_,33.92µm
U_TOP.U_CACHE.ic_a2\[5\],33.81µm
U_TOP.U_CACHE.dc_d1\[3\],33.8µm
U_TOP.U_CACHE.dc_d0\[26\],33.78µm
_1588_,33.78µm
_1123_,33.76µm
_1948_,33.76µm
_1435_,33.74µm
_1157_,33.67µm
_1562_,33.48µm
U_TOP.U_CACHE.if_mis_dphase_addr\[1\],33.46µm
U_TOP.U_CACHE.bus_count\[0\],33.44µm
_0833_,33.42µm
_1028_,33.34µm
_1039_,33.32µm
_1502_,33.32µm
_1473_,33.26µm
U_TOP.U_CACHE.ic_a0\[7\],33.25µm
_1244_,33.22µm
_2024_,33.22µm
_1087_,33.18µm
U_TOP.U_CACHE.dc_d0\[30\],33.16µm
U_TOP.U_UART.U_SASC_TOP.din_i\[3\],33.1µm
U_TOP.U_RAM.qspi_txd\[3\],33.02µm
_1286_,33.01µm
_1563_,32.9µm
_2354_,32.88µm
_2514_,32.88µm
U_TOP.U_CPU.seq\[3\],32.84µm
_1160_,32.82µm
_1578_,32.72µm
_1221_,32.7µm
_2499_,32.64µm
_1456_,32.52µm
net320,32.5µm
U_TOP.U_CPU.indent\[13\],32.46µm
_1040_,32.42µm
U_TOP.U_CACHE.dc_d1\[15\],32.34µm
_0687_,32.34µm
_1851_,32.34µm
U_TOP.U_CACHE.ic_a2\[6\],32.32µm
_1323_,32.26µm
_1432_,32.24µm
U_TOP.U_CPU.state\[1\],32.22µm
_0821_,32.18µm
U_TOP.U_UART.U_SASC_TOP.rx_bit_cnt\[0\],32.115µm
U_TOP.U_UART.BRG.sio_ce_x4,32.08µm
_1590_,32.04µm
_0994_,32.03µm
U_TOP.U_UART.BRG.ps\[1\],32.02µm
U_TOP.U_CACHE.dc_v0,31.94µm
_1889_,31.84µm
_1636_,31.8µm
_2429_,31.78µm
_1337_,31.68µm
_1666_,31.66µm
_1673_,31.66µm
net138,31.62µm
U_TOP.U_UART.U_SASC_TOP.tx_bit_cnt\[0\],31.61µm
_1174_,31.58µm
_2381_,31.5µm
U_TOP.U_CACHE.bus_inst,31.48µm
U_TOP.U_UART.U_SASC_TOP.din_i\[6\],31.44µm
U_TOP.U_CACHE.dc_d1\[25\],31.4µm
U_TOP.U_RAM.addr\[3\],31.36µm
U_TOP.U_UART.U_SASC_TOP.din_i\[7\],31.3µm
uio_in[6],31.27µm
_1099_,31.26µm
U_TOP.U_RAM.qspi_sckenb,31.24µm
_0986_,31.24µm
_1722_,31.24µm
net385,31.235µm
net133,31.16µm
_1572_,31.12µm
_1897_,31.12µm
U_TOP.U_CACHE.dc_a0\[7\],31.08µm
_1567_,31.08µm
_1025_,31.01µm
U_TOP.U_CPU.indent\[3\],30.92µm
_1313_,30.92µm
U_TOP.U_CACHE.dc_d1\[23\],30.9µm
_1774_,30.86µm
_1980_,30.78µm
_2379_,30.76µm
_1996_,30.74µm
_1307_,30.72µm
_1200_,30.7µm
U_TOP.U_CPU.ir_data\[5\],30.54µm
U_TOP.U_CACHE.DM_ADDR\[11\],30.52µm
U_TOP.U_CACHE.dc_d0\[11\],30.49µm
_2625_,30.48µm
U_TOP.U_UART.U_SASC_TOP.din_i\[1\],30.4µm
_1272_,30.385µm
_1596_,30.38µm
U_TOP.U_UART.U_SASC_TOP.rx_bit_cnt\[1\],30.35µm
_1046_,30.26µm
U_TOP.U_UART.U_SASC_TOP.txf_empty_r,30.175µm
_1138_,30.17µm
U_TOP.U_CPU.ir_data\[0\],30.14µm
_1203_,30.1µm
_0982_,30.06µm
_0912_,29.98µm
_1444_,29.96µm
net223,29.9µm
U_TOP.U_CACHE.ic_d3\[17\],29.81µm
_1958_,29.72µm
U_TOP.U_CACHE.ic_v3,29.68µm
_0837_,29.56µm
_1403_,29.56µm
_2341_,29.56µm
_0856_,29.54µm
U_TOP.U_CACHE.dc_d1\[13\],29.52µm
_1756_,29.48µm
U_TOP.U_CACHE.ic_a3\[6\],29.47µm
U_TOP.U_RAM.addr\[1\],29.46µm
_1141_,29.4µm
_2508_,29.4µm
_2687_,29.4µm
_2131_,29.38µm
_1697_,29.32µm
_2010_,29.32µm
_1193_,29.28µm
_0771_,29.18µm
_0951_,29.12µm
_1862_,29.12µm
U_TOP.U_CACHE.ic_d3\[22\],29.08µm
_1177_,29.04µm
_2503_,29.04µm
_2414_,29µm
_2623_,28.98µm
uio_in[7],28.95µm
_0817_,28.84µm
_1322_,28.725µm
_1949_,28.7µm
_1282_,28.68µm
_1795_,28.68µm
U_TOP.U_UART.U_SASC_TOP.tx_fifo.rp\[1\],28.66µm
_1376_,28.62µm
_1421_,28.56µm
_2016_,28.56µm
U_TOP.U_CACHE.dc_a1\[11\],28.46µm
U_TOP.U_UART.U_SASC_TOP.tx_bit_cnt\[3\],28.43µm
_1986_,28.28µm
_1945_,28.26µm
_1032_,28.24µm
U_TOP.U_CACHE.ic_d2\[15\],28.22µm
_2019_,28.22µm
_1400_,28.06µm
U_TOP.U_CACHE.ic_d3\[26\],28.04µm
U_TOP.U_UART.BRG.div1\[6\],27.94µm
_1119_,27.94µm
U_TOP.U_CPU.state\[4\],27.9µm
_1137_,27.9µm
U_TOP.U_UART.BRG.ps\[5\],27.88µm
U_TOP.U_CPU.indent\[8\],27.86µm
_1277_,27.86µm
_1849_,27.84µm
_2594_,27.82µm
U_TOP.U_CACHE.dc_d0\[31\],27.78µm
U_TOP.U_CACHE.dc_d1\[22\],27.78µm
_1669_,27.78µm
_2537_,27.64µm
_1981_,27.54µm
U_TOP.U_CACHE.dc_d0\[13\],27.52µm
_2415_,27.49µm
_1049_,27.46µm
_1733_,27.44µm
_0869_,27.36µm
_1179_,27.2µm
_1540_,27.18µm
_0834_,27.1µm
_1471_,27.1µm
_1107_,27.07µm
_0767_,27.06µm
U_TOP.U_CPU.seq\[0\],27.04µm
U_TOP.U_RAM.qspi_txd\[1\],27µm
_1729_,27µm
_2011_,26.9µm
U_TOP.U_CACHE.dc_d1\[5\],26.805µm
U_TOP.U_CACHE.ic_d2\[24\],26.76µm
_0728_,26.66µm
_1116_,26.66µm
U_TOP.U_CACHE.dc_d1\[7\],26.635µm
_2435_,26.58µm
U_TOP.U_CPU.state\[0\],26.575µm
_2361_,26.42µm
_1332_,26.22µm
_1161_,26.18µm
U_TOP.U_UART.U_SASC_TOP.rx_fifo.mem\[3\]\[6\],26.16µm
_2616_,26.16µm
U_TOP.U_UART.U_SASC_TOP.rx_fifo.mem\[3\]\[5\],26.08µm
_1987_,26.08µm
U_TOP.U_CACHE.ic_d3\[19\],26.02µm
_2409_,25.94µm
_2608_,25.94µm
_1291_,25.9µm
_0760_,25.8µm
U_TOP.U_CACHE.dc_a1\[3\],25.78µm
U_TOP.U_CPU.indent\[4\],25.73µm
_1146_,25.69µm
_0754_,25.64µm
_1372_,25.6µm
_1148_,25.56µm
_0685_,25.55µm
net687,25.5µm
U_TOP.U_CACHE.if_mis_req_addr_pend\[13\],25.48µm
U_TOP.U_CACHE.ic_a3\[0\],25.46µm
_0741_,25.44µm
_2542_,25.44µm
U_TOP.U_UART.BRG.ps\[6\],25.4µm
_1960_,25.395µm
U_TOP.U_UART.BRG.br_cnt\[1\],25.38µm
_0016_,25.345µm
U_TOP.U_UART.U_SASC_TOP.rx_bit_cnt\[3\],25.31µm
_1387_,25.28µm
U_TOP.U_CACHE.ic_d1\[30\],25.26µm
U_TOP.U_CACHE.ic_a0\[2\],25.24µm
U_TOP.U_UART.U_SASC_TOP.rx_fifo.wp\[1\],25.195µm
_1857_,25.14µm
_1275_,25.09µm
_1950_,25.06µm
_2449_,25.04µm
_1982_,25µm
_2288_,25µm
_1173_,24.92µm
_2431_,24.92µm
_1255_,24.86µm
U_TOP.U_CACHE.ic_d2\[22\],24.84µm
U_TOP.U_CPU.indent\[2\],24.84µm
_1172_,24.84µm
net169,24.83µm
U_TOP.U_CACHE.dm_hit_dphase_write,24.76µm
_0898_,24.72µm
_2575_,24.64µm
U_TOP.U_CACHE.ic_a0\[0\],24.62µm
net619,24.6µm
U_TOP.U_CPU.dr_do_dphase,24.58µm
_1859_,24.56µm
_1280_,24.54µm
_1388_,24.54µm
_0885_,24.5µm
_1410_,24.5µm
_2279_,24.46µm
_1985_,24.4µm
U_TOP.U_CACHE.if_hit_dphase,24.38µm
_1329_,24.36µm
U_TOP.U_UART.U_SASC_TOP.hold_reg\[5\],24.34µm
_0702_,24.34µm
U_TOP.U_CACHE.dc_d1\[2\],24.28µm
_1187_,24.26µm
_1279_,24.25µm
_2656_,24.24µm
U_TOP.U_UART.U_SASC_TOP.rx_fifo.mem\[3\]\[2\],24.12µm
_0968_,24.02µm
_2529_,24µm
_2439_,23.98µm
_1319_,23.92µm
_1775_,23.92µm
_1240_,23.9µm
U_TOP.U_CACHE.ic_d0\[12\],23.88µm
U_TOP.U_CACHE.ic_d2\[25\],23.88µm
U_TOP.U_CACHE.ic_a2\[2\],23.82µm
_1381_,23.8µm
_2008_,23.78µm
U_TOP.U_CACHE.ic_d3\[28\],23.76µm
_1096_,23.74µm
_1056_,23.66µm
_1772_,23.64µm
U_TOP.U_UART.U_SASC_TOP.rx_fifo.mem\[0\]\[1\],23.62µm
_2377_,23.62µm
U_TOP.U_UART.U_SASC_TOP.rxd_dly\[1\],23.6µm
_1431_,23.54µm
U_TOP.U_CACHE.ic_d3\[23\],23.48µm
U_TOP.U_RAM.addr\[2\],23.405µm
_1445_,23.4µm
_2580_,23.38µm
_1759_,23.34µm
U_TOP.U_CACHE.dc_a1\[0\],23.3µm
_2525_,23.295µm
_1641_,23.26µm
_1295_,23.24µm
_2157_,23.22µm
_1457_,23.2µm
_2014_,23.16µm
_1133_,23.12µm
U_TOP.U_CACHE.dc_d0\[21\],23.1µm
_2061_,23.08µm
_1122_,23.06µm
_2070_,23.03µm
U_TOP.U_CACHE.bus_pend_wdata\[26\],23µm
_0816_,23µm
_0934_,22.98µm
_2530_,22.98µm
U_TOP.U_CPU.indent\[9\],22.97µm
_1865_,22.94µm
_1330_,22.86µm
_1816_,22.86µm
_2385_,22.86µm
U_TOP.U_CPU.indent\[5\],22.84µm
_2607_,22.8µm
_0846_,22.76µm
U_TOP.U_CACHE.if_mis_req_addr_pend\[8\],22.74µm
U_TOP.U_CACHE.ic_a1\[2\],22.72µm
_1619_,22.72µm
_2541_,22.72µm
U_TOP.U_CACHE.ic_d1\[6\],22.7µm
U_TOP.U_UART.BRG.div1\[7\],22.68µm
U_TOP.U_UART.U_SASC_TOP.rx_fifo.mem\[1\]\[6\],22.68µm
_0875_,22.64µm
_2427_,22.56µm
net210,22.56µm
U_TOP.U_CACHE.dc_d0\[25\],22.54µm
_1908_,22.54µm
_1078_,22.46µm
_1782_,22.46µm
_2047_,22.46µm
_1844_,22.42µm
_2117_,22.34µm
_1163_,22.24µm
U_TOP.U_CPU.indent\[15\],22.23µm
_1093_,22.22µm
U_TOP.U_UART.BRG.br_cnt\[4\],22.21µm
_2413_,22.2µm
U_TOP.U_CACHE.dc_d1\[20\],22.155µm
_2419_,22.14µm
U_TOP.U_CACHE.ic_d3\[15\],22.04µm
_2527_,22.02µm
_0820_,21.98µm
U_TOP.U_CACHE.ic_d0\[22\],21.96µm
_0076_,21.96µm
_1276_,21.96µm
U_TOP.U_CACHE.ic_a0\[5\],21.94µm
_2295_,21.92µm
U_TOP.U_UART.U_SASC_TOP.rxd_r1,21.91µm
_0874_,21.9µm
_1283_,21.9µm
U_TOP.U_UART.U_SASC_TOP.rx_fifo.mem\[2\]\[0\],21.885µm
_1191_,21.74µm
_1615_,21.715µm
U_TOP.U_UART.U_SASC_TOP.tx_bit_cnt\[1\],21.7µm
_2315_,21.68µm
U_TOP.U_CACHE.ic_d2\[7\],21.625µm
U_TOP.U_UART.U_SASC_TOP.rx_fifo.mem\[1\]\[1\],21.62µm
_1591_,21.61µm
U_TOP.U_UART.U_SASC_TOP.dpll_state\[1\],21.58µm
_0141_,21.565µm
_2241_,21.56µm
_1995_,21.52µm
rst_n,21.51µm
U_TOP.U_RAM.qspi_rxd_temp\[0\],21.46µm
_2496_,21.46µm
_1535_,21.44µm
_2208_,21.44µm
U_TOP.U_UART.BRG.br_cnt\[7\],21.4µm
U_TOP.U_CACHE.ic_d3\[13\],21.38µm
_0764_,21.325µm
_1406_,21.3µm
_1085_,21.24µm
U_TOP.U_CACHE.ic_d0\[11\],21.2µm
_1270_,21.18µm
_0791_,21.14µm
_1558_,21.1µm
_2615_,21.1µm
_0686_,21.06µm
_2225_,21.04µm
U_TOP.U_CACHE.dc_d0\[18\],21.025µm
_2336_,21.02µm
U_TOP.U_CACHE.bus_wrte,21µm
_1449_,21µm
_1407_,20.98µm
_0732_,20.96µm
_2227_,20.96µm
U_TOP.U_CACHE.DM_ADDR\[4\],20.9µm
_0841_,20.9µm
_1274_,20.88µm
_1151_,20.86µm
_1296_,20.86µm
U_TOP.U_RAM.state\[2\],20.84µm
U_TOP.U_CACHE.ic_a0\[10\],20.82µm
_2146_,20.82µm
_2455_,20.82µm
net712,20.8µm
_1239_,20.78µm
_2610_,20.74µm
U_TOP.U_CACHE.ic_d1\[2\],20.72µm
_2670_,20.7µm
_2421_,20.68µm
_1374_,20.64µm
U_TOP.U_CACHE.ic_d0\[0\],20.57µm
U_TOP.U_UART.U_SASC_TOP.rx_fifo.mem\[3\]\[3\],20.56µm
_0939_,20.56µm
U_TOP.U_CACHE.ic_d0\[26\],20.54µm
_1605_,20.54µm
_1746_,20.5µm
_2511_,20.5µm
_0700_,20.46µm
U_TOP.U_UART.BRG.div0\[4\],20.44µm
_0295_,20.44µm
_1918_,20.42µm
_2376_,20.42µm
_0731_,20.4µm
U_TOP.U_CACHE.dc_a1\[5\],20.38µm
_2446_,20.38µm
_1736_,20.29µm
U_TOP.U_UART.U_SASC_TOP.hold_reg\[1\],20.28µm
_0748_,20.26µm
_1158_,20.24µm
_0852_,20.22µm
_1393_,20.22µm
_1976_,20.22µm
U_TOP.U_UART.U_SASC_TOP.tx_fifo.mem\[0\]\[0\],20.2µm
_0881_,20.16µm
_0953_,20.14µm
_2138_,20.14µm
U_TOP.U_CACHE.ic_d0\[25\],20.12µm
_2655_,20.1µm
U_TOP.U_CACHE.ic_a1\[7\],20.04µm
_0782_,20.03µm
_1537_,20.02µm
_0880_,19.98µm
_2022_,19.96µm
_2411_,19.96µm
U_TOP.U_CACHE.ic_d3\[30\],19.94µm
_0910_,19.92µm
_2311_,19.92µm
_1997_,19.88µm
U_TOP.U_UART.BRG.br_cnt\[5\],19.84µm
U_TOP.U_CACHE.ic_d1\[12\],19.82µm
U_TOP.U_UART.U_SASC_TOP.tx_fifo.mem\[1\]\[5\],19.74µm
_1328_,19.74µm
_0320_,19.7µm
_2149_,19.7µm
U_TOP.U_CACHE.if_mis_req_addr_pend\[11\],19.66µm
U_TOP.U_UART.BRG.br_cnt\[0\],19.66µm
_1327_,19.66µm
U_TOP.U_CACHE.ic_d1\[9\],19.64µm
_1792_,19.56µm
U_TOP.U_UART.U_SASC_TOP.tx_fifo.mem\[2\]\[1\],19.54µm
_2457_,19.54µm
_2678_,19.54µm
U_TOP.U_CPU.ir_do_dphase,19.52µm
U_TOP.U_UART.U_SASC_TOP.tx_fifo.mem\[1\]\[3\],19.52µm
_1412_,19.52µm
net2,19.52µm
_1754_,19.48µm
_1930_,19.48µm
_0705_,19.44µm
_0995_,19.44µm
_1211_,19.42µm
U_TOP.U_CACHE.dc_d1\[17\],19.4µm
_0755_,19.4µm
_0889_,19.4µm
_0945_,19.4µm
_1238_,19.4µm
_2027_,19.38µm
_1802_,19.32µm
_1670_,19.315µm
_1315_,19.3µm
_2566_,19.27µm
_1551_,19.26µm
net382,19.245µm
U_TOP.U_UART.U_SASC_TOP.rx_fifo.mem\[0\]\[6\],19.24µm
U_TOP.U_CPU.indent\[12\],19.22µm
U_TOP.U_UART.U_SASC_TOP.rx_fifo.mem\[3\]\[4\],19.2µm
U_TOP.U_CPU.ir_data_keep\[7\],19.18µm
_1195_,19.16µm
_2417_,19.16µm
_1246_,19.14µm
U_TOP.U_CACHE.dc_d0\[20\],19.13µm
_0721_,19.1µm
_1745_,19.1µm
U_TOP.U_CACHE.dc_d1\[0\],19.035µm
_1152_,18.94µm
_2509_,18.94µm
U_TOP.U_UART.U_SASC_TOP.tx_fifo.mem\[1\]\[6\],18.92µm
_1389_,18.92µm
_1467_,18.9µm
_1541_,18.9µm
U_TOP.U_CACHE.dc_d0\[17\],18.86µm
U_TOP.U_CACHE.ic_d3\[8\],18.86µm
_1961_,18.86µm
_1080_,18.78µm
_1180_,18.78µm
_0215_,18.72µm
_1278_,18.72µm
U_TOP.U_UART.U_SASC_TOP.rx_fifo.mem\[2\]\[4\],18.71µm
_2672_,18.7µm
U_TOP.U_CACHE.ic_a0\[4\],18.68µm
_0876_,18.68µm
U_TOP.U_CACHE.ic_d2\[23\],18.66µm
U_TOP.U_UART.U_SASC_TOP.rx_fifo.mem\[0\]\[0\],18.64µm
_1850_,18.64µm
_2482_,18.62µm
_2013_,18.58µm
_0823_,18.56µm
U_TOP.U_CACHE.ic_d1\[23\],18.54µm
_0984_,18.54µm
_2388_,18.54µm
U_TOP.U_RAM.qspi_rxd_temp\[2\],18.52µm
_0958_,18.52µm
_1331_,18.505µm
_1150_,18.5µm
_0832_,18.48µm
U_TOP.U_CACHE.ic_d1\[29\],18.46µm
_2453_,18.46µm
_1309_,18.38µm
_2641_,18.36µm
_1117_,18.32µm
_0314_,18.3µm
_1109_,18.3µm
_0790_,18.26µm
_2179_,18.26µm
U_TOP.U_RAM.wdata\[6\],18.24µm
_0974_,18.22µm
_2571_,18.22µm
U_TOP.U_UART.BRG.cnt\[0\],18.2µm
_0697_,18.2µm
_0726_,18.2µm
_1068_,18.16µm
net470,18.14µm
_1175_,18.1µm
U_TOP.U_CACHE.ic_d1\[18\],18.08µm
_1884_,18.08µm
U_TOP.U_UART.U_SASC_TOP.rx_fifo.mem\[1\]\[2\],18.06µm
_0780_,18.06µm
_1437_,18.06µm
U_TOP.U_CACHE.dc_d1\[1\],18.04µm
_0174_,18.04µm
_0186_,18.04µm
U_TOP.U_CACHE.dc_d0\[23\],18.02µm
U_TOP.U_CACHE.ic_d2\[31\],18µm
_2246_,18µm
_0170_,17.98µm
_2337_,17.96µm
U_TOP.U_CACHE.bus_pend_wdata\[14\],17.94µm
U_TOP.U_CPU.indent\[6\],17.94µm
U_TOP.U_UART.U_SASC_TOP.rx_fifo.mem\[1\]\[4\],17.94µm
_0896_,17.92µm
_0904_,17.9µm
net529,17.9µm
_0091_,17.885µm
_1188_,17.88µm
_1446_,17.88µm
_1608_,17.88µm
U_TOP.U_UART.U_SASC_TOP.rx_fifo.mem\[3\]\[0\],17.86µm
_1692_,17.86µm
_1735_,17.86µm
U_TOP.U_CACHE.ic_d1\[22\],17.82µm
_1428_,17.82µm
U_TOP.U_CACHE.dc_a1\[1\],17.8µm
_0901_,17.8µm
net441,17.8µm
_2675_,17.78µm
_1991_,17.76µm
U_TOP.U_UART.U_SASC_TOP.rx_bit_cnt\[2\],17.75µm
U_TOP.U_CACHE.ic_d0\[20\],17.7µm
U_TOP.U_CACHE.bus_repl_addr\[12\],17.69µm
_1365_,17.68µm
U_TOP.U_CACHE.bus_pend_wdata\[8\],17.64µm
U_TOP.U_CPU.ir_data\[4\],17.64µm
U_TOP.U_RAM.wdata\[3\],17.62µm
_1377_,17.6µm
_2650_,17.6µm
_2374_,17.58µm
_2015_,17.555µm
_2247_,17.54µm
_2408_,17.52µm
_1695_,17.5µm
U_TOP.U_CACHE.ic_d0\[14\],17.46µm
U_TOP.U_RAM.wdata\[5\],17.42µm
U_TOP.U_UART.U_SASC_TOP.tx_fifo.mem\[0\]\[3\],17.42µm
_0015_,17.42µm
U_TOP.U_CACHE.ic_d0\[23\],17.4µm
U_TOP.U_CACHE.ic_d0\[2\],17.4µm
net678,17.38µm
U_TOP.U_CPU.ir_data\[1\],17.36µm
U_TOP.U_CACHE.ic_a0\[8\],17.34µm
_1454_,17.32µm
U_TOP.U_CACHE.ic_d2\[27\],17.3µm
net412,17.3µm
U_TOP.U_CACHE.bus_pend_addr\[4\],17.29µm
U_TOP.U_CACHE.bus_pend_wdata\[22\],17.285µm
U_TOP.U_CACHE.ic_v1,17.28µm
_1196_,17.22µm
U_TOP.U_CACHE.bus_pend_wdata\[30\],17.2µm
U_TOP.U_UART.BRG.div1\[5\],17.2µm
_1266_,17.2µm
_0902_,17.19µm
U_TOP.U_CACHE.ic_d0\[19\],17.14µm
U_TOP.U_UART.U_SASC_TOP.tx_fifo.mem\[3\]\[1\],17.14µm
U_TOP.U_UART.U_SASC_TOP.tx_fifo.mem\[3\]\[2\],17.14µm
_1955_,17.14µm
_1409_,17.12µm
_1397_,17.1µm
_1943_,17.06µm
U_TOP.U_UART.U_SASC_TOP.rx_fifo.mem\[0\]\[3\],17.02µm
_1440_,17.02µm
U_TOP.U_UART.U_SASC_TOP.tx_fifo.mem\[3\]\[0\],16.98µm
_0915_,16.98µm
_1922_,16.96µm
U_TOP.U_CACHE.if_mis_dphase,16.94µm
_1002_,16.94µm
_1139_,16.94µm
_1318_,16.94µm
U_TOP.U_CACHE.ic_d2\[10\],16.92µm
U_TOP.U_UART.U_SASC_TOP.rx_fifo.mem\[0\]\[2\],16.9µm
_1863_,16.9µm
_1847_,16.88µm
_2609_,16.87µm
U_TOP.U_CACHE.ic_d3\[5\],16.86µm
_2640_,16.84µm
U_TOP.U_CACHE.ic_d1\[21\],16.825µm
U_TOP.U_CACHE.ic_a0\[3\],16.82µm
_1086_,16.82µm
_1508_,16.82µm
U_TOP.U_CACHE.ic_d1\[5\],16.78µm
_1399_,16.78µm
_1915_,16.76µm
_2309_,16.74µm
U_TOP.U_CACHE.dc_a1\[6\],16.72µm
U_TOP.U_UART.U_SASC_TOP.rx_fifo.mem\[0\]\[5\],16.72µm
_1773_,16.72µm
_2078_,16.705µm
U_TOP.U_UART.U_SASC_TOP.tx_fifo.mem\[2\]\[0\],16.7µm
_0730_,16.7µm
U_TOP.U_UART.U_SASC_TOP.rx_fifo.mem\[2\]\[6\],16.65µm
U_TOP.U_CPU.indent\[14\],16.64µm
net3,16.64µm
_0118_,16.625µm
_1761_,16.62µm
U_TOP.U_CACHE.bus_pend_addr\[13\],16.6µm
_1143_,16.6µm
_1478_,16.6µm
_0304_,16.585µm
U_TOP.U_CPU.indent\[1\],16.58µm
U_TOP.U_CACHE.ic_d2\[18\],16.54µm
U_TOP.U_UART.U_SASC_TOP.rx_fifo.mem\[2\]\[5\],16.53µm
U_TOP.U_RAM.wdata\[1\],16.52µm
U_TOP.U_CACHE.bus_pend_addr\[7\],16.5µm
U_TOP.U_CACHE.bus_repl_addr\[13\],16.5µm
U_TOP.U_CACHE.bus_pend_addr\[10\],16.48µm
U_TOP.U_RAM.qspi_sckenb2,16.46µm
U_TOP.U_CACHE.dc_a1\[8\],16.44µm
U_TOP.U_CACHE.ic_d1\[0\],16.44µm
U_TOP.U_CPU.state\[2\],16.4µm
U_TOP.U_UART.U_SASC_TOP.load,16.4µm
_0908_,16.38µm
_2174_,16.38µm
_2021_,16.37µm
U_TOP.U_CACHE.ic_d1\[13\],16.34µm
_1460_,16.32µm
_2598_,16.32µm
_1801_,16.3µm
_0576_,16.28µm
_0724_,16.28µm
U_TOP.U_UART.U_SASC_TOP.rx_fifo.mem\[2\]\[3\],16.265µm
U_TOP.U_RAM.qspi_rxd_temp\[3\],16.26µm
_1069_,16.26µm
_1765_,16.26µm
_2331_,16.26µm
U_TOP.U_CACHE.bus_repl_addr\[5\],16.22µm
_2281_,16.2µm
_2459_,16.18µm
U_TOP.QSPI_CS_E,16.16µm
U_TOP.U_CPU.indent\[7\],16.16µm
_2578_,16.15µm
_2504_,16.1µm
_1326_,16.04µm
_1854_,16.02µm
_1719_,16.015µm
U_TOP.U_CACHE.dm_mis_dphase,16µm
U_TOP.U_UART.U_SASC_TOP.rx_sio_ce_d,15.98µm
_1184_,15.98µm
_2272_,15.98µm
_1911_,15.96µm
_1975_,15.96µm
U_TOP.U_CPU.if_code_keep\[2\],15.95µm
_1441_,15.94µm
_2445_,15.94µm
_2680_,15.94µm
_1047_,15.92µm
_2293_,15.88µm
net445,15.88µm
U_TOP.U_CACHE.ic_d2\[30\],15.86µm
U_TOP.U_CACHE.if_mis_req_addr_pend\[10\],15.86µm
net6,15.84µm
U_TOP.U_CPU.state\[3\],15.82µm
U_TOP.U_UART.div1_dphase,15.82µm
_0848_,15.82µm
_1420_,15.82µm
_0089_,15.805µm
_0106_,15.805µm
_0812_,15.8µm
_1800_,15.8µm
U_TOP.U_CACHE.ic_a2\[1\],15.78µm
_0734_,15.78µm
U_TOP.U_CACHE.ic_a2\[3\],15.76µm
_2160_,15.76µm
net646,15.76µm
net679,15.76µm
U_TOP.U_CACHE.ic_d1\[7\],15.755µm
U_TOP.U_RAM.qspi_txd\[0\],15.72µm
U_TOP.U_UART.U_SASC_TOP.tx_fifo.mem\[2\]\[2\],15.72µm
_2001_,15.72µm
_2095_,15.7µm
_2084_,15.68µm
U_TOP.U_CACHE.IF_ADDR\[14\],15.64µm
U_TOP.U_CACHE.bus_pend_wdata\[29\],15.64µm
_1186_,15.64µm
U_TOP.U_CACHE.if_mis_req_addr_pend\[9\],15.6µm
_1228_,15.6µm
_2368_,15.6µm
_1633_,15.57µm
_1284_,15.56µm
net830,15.56µm
_1321_,15.54µm
U_TOP.U_CACHE.ic_v0,15.51µm
U_TOP.U_UART.U_SASC_TOP.tx_fifo.mem\[3\]\[6\],15.46µm
_1333_,15.44µm
_2307_,15.44µm
_2593_,15.44µm
U_TOP.U_CACHE.ic_d2\[1\],15.42µm
U_TOP.U_UART.U_SASC_TOP.tx_fifo.gb,15.42µm
_2223_,15.42µm
_2521_,15.42µm
_0851_,15.4µm
_1416_,15.4µm
U_TOP.U_CACHE.bus_pend_wdata\[19\],15.395µm
_0985_,15.38µm
_1804_,15.38µm
_0722_,15.36µm
U_TOP.U_CACHE.ic_a1\[3\],15.34µm
U_TOP.U_CPU.ir_data\[6\],15.34µm
_2012_,15.34µm
_2075_,15.305µm
_0796_,15.3µm
_0810_,15.3µm
_0838_,15.28µm
_1526_,15.28µm
_0071_,15.265µm
_0436_,15.26µm
_1390_,15.26µm
net632,15.26µm
_2613_,15.24µm
_2184_,15.22µm
_2622_,15.22µm
U_TOP.U_UART.U_SASC_TOP.rx_go,15.2µm
_0309_,15.2µm
_0756_,15.2µm
_2260_,15.16µm
_1224_,15.14µm
_1290_,15.14µm
_0773_,15.12µm
net661,15.12µm
U_TOP.U_UART.U_SASC_TOP.change,15.1µm
_0829_,15.1µm
_0840_,15.1µm
U_TOP.U_UART.U_SASC_TOP.tx_bit_cnt\[2\],15.07µm
U_TOP.U_CACHE.ic_a0\[9\],15.06µm
_2447_,15.06µm
_2597_,15.06µm
_1589_,15.05µm
_0043_,15.005µm
U_TOP.U_CACHE.ic_d1\[3\],15µm
_1971_,15µm
_0318_,14.98µm
U_TOP.U_CACHE.dc_d0\[24\],14.96µm
U_TOP.U_CACHE.ic_a2\[8\],14.96µm
_1102_,14.94µm
_1022_,14.88µm
U_TOP.U_CACHE.bus_repl_addr\[8\],14.86µm
net566,14.84µm
U_TOP.U_CACHE.ic_d1\[25\],14.8µm
_1726_,14.8µm
_0940_,14.78µm
_2367_,14.78µm
U_TOP.U_UART.U_SASC_TOP.shift_en_r,14.77µm
_2603_,14.76µm
net449,14.76µm
_2700_,14.75µm
net394,14.74µm
_1900_,14.72µm
_2055_,14.72µm
U_TOP.U_CACHE.ic_d0\[28\],14.7µm
U_TOP.U_CPU.indent\[10\],14.7µm
net671,14.7µm
_1404_,14.68µm
net741,14.68µm
_2080_,14.66µm
_1480_,14.64µm
_2588_,14.64µm
_0688_,14.62µm
_1021_,14.62µm
U_TOP.U_CACHE.ic_a2\[10\],14.6µm
_0959_,14.6µm
_1149_,14.6µm
_1464_,14.6µm
U_TOP.U_CACHE.ic_d2\[0\],14.565µm
_1084_,14.56µm
_1320_,14.56µm
_2130_,14.56µm
U_TOP.U_CACHE.ic_d0\[8\],14.54µm
U_TOP.U_CACHE.if_mis_req_addr_pend\[14\],14.54µm
_1095_,14.53µm
_1033_,14.52µm
U_TOP.U_CACHE.ic_d3\[2\],14.49µm
_0868_,14.48µm
_1796_,14.46µm
_2205_,14.46µm
_0772_,14.44µm
_2649_,14.43µm
U_TOP.U_CACHE.ic_d3\[24\],14.42µm
U_TOP.U_UART.U_SASC_TOP.rx_fifo.mem\[1\]\[3\],14.42µm
_0787_,14.42µm
_2704_,14.4µm
_1990_,14.36µm
_2436_,14.355µm
_2569_,14.32µm
U_TOP.U_UART.U_SASC_TOP.rx_fifo.mem\[1\]\[0\],14.3µm
_2470_,14.3µm
U_TOP.U_CACHE.ic_d2\[4\],14.295µm
_0752_,14.26µm
_0845_,14.26µm
_1894_,14.26µm
U_TOP.U_CACHE.dc_a1\[7\],14.22µm
_1490_,14.22µm
_2418_,14.22µm
_0047_,14.205µm
uio_oe[4],14.19µm
_1482_,14.18µm
_2697_,14.18µm
_0303_,14.165µm
_1324_,14.14µm
_2328_,14.14µm
_1741_,14.13µm
_1585_,14.12µm
_2673_,14.12µm
_1447_,14.1µm
_1212_,14.08µm
U_TOP.U_RAM.qspi_txd\[2\],14.04µm
_1424_,14.04µm
_2552_,14.02µm
net371,14µm
_0139_,14µm
_0865_,13.96µm
_0878_,13.96µm
_1189_,13.92µm
_1199_,13.92µm
_1496_,13.92µm
U_TOP.U_CACHE.ic_a3\[8\],13.9µm
net770,13.88µm
U_TOP.U_CACHE.ic_a3\[3\],13.86µm
net781,13.86µm
_0446_,13.84µm
_1983_,13.82µm
_2290_,13.82µm
_1734_,13.8µm
_1893_,13.8µm
_2501_,13.8µm
_1784_,13.78µm
_0405_,13.765µm
U_TOP.U_CPU.indent\[11\],13.76µm
_0402_,13.76µm
_2330_,13.76µm
_2602_,13.74µm
net799,13.74µm
U_TOP.U_UART.U_SASC_TOP.tx_fifo.wp\[1\],13.72µm
_1396_,13.72µm
U_TOP.U_CACHE.dc_d1\[21\],13.7µm
U_TOP.U_UART.U_SASC_TOP.tx_fifo.mem\[0\]\[7\],13.68µm
_1067_,13.68µm
_1743_,13.66µm
_1994_,13.66µm
_0903_,13.64µm
_1468_,13.64µm
_1611_,13.64µm
_1642_,13.64µm
_1105_,13.62µm
U_TOP.U_CACHE.ic_d2\[5\],13.6µm
_1749_,13.6µm
_2274_,13.6µm
U_TOP.U_CACHE.bus_repl_addr\[14\],13.58µm
_2088_,13.58µm
_0645_,13.54µm
_1131_,13.54µm
_2329_,13.54µm
uio_oe[7],13.53µm
_1747_,13.52µm
_1979_,13.52µm
U_TOP.U_UART.U_SASC_TOP.tx_fifo.mem\[2\]\[7\],13.505µm
_1883_,13.5µm
_2423_,13.5µm
U_TOP.U_CACHE.ic_d1\[26\],13.48µm
U_TOP.U_UART.U_SASC_TOP.hold_reg\[6\],13.48µm
_0117_,13.465µm
U_TOP.U_CACHE.ic_d0\[7\],13.46µm
_1023_,13.46µm
_2474_,13.46µm
_2437_,13.42µm
_2627_,13.42µm
net391,13.42µm
_1297_,13.39µm
uio_oe[5],13.39µm
_0907_,13.38µm
_2492_,13.38µm
U_TOP.U_CACHE.ic_d0\[27\],13.34µm
U_TOP.U_CACHE.ic_d2\[12\],13.34µm
_0101_,13.325µm
_0212_,13.325µm
_2653_,13.32µm
net590,13.32µm
U_TOP.U_CACHE.if_mis_req_addr_pend\[6\],13.3µm
_0302_,13.3µm
_1727_,13.3µm
_2665_,13.3µm
net398,13.295µm
U_TOP.U_CACHE.ic_d2\[2\],13.265µm
_2451_,13.26µm
_2539_,13.26µm
_2637_,13.26µm
_0475_,13.22µm
_1011_,13.22µm
_2099_,13.22µm
_2346_,13.22µm
U_TOP.U_CACHE.IF_ADDR\[10\],13.16µm
U_TOP.U_CACHE.bus_pend_addr\[2\],13.16µm
U_TOP.U_CACHE.bus_pend_addr\[3\],13.16µm
U_TOP.U_CACHE.bus_pend_wdata\[25\],13.16µm
U_TOP.U_RAM.wdata\[7\],13.14µm
_1932_,13.12µm
_2108_,13.1µm
_1031_,13.08µm
net506,13.08µm
U_TOP.U_CACHE.DM_ADDR\[14\],13.045µm
_1512_,13.04µm
_1718_,13.04µm
_2069_,13.04µm
_2148_,13.04µm
_2471_,13.04µm
_2546_,13.02µm
_2559_,13.02µm
_2589_,13.02µm
U_TOP.U_CACHE.DM_ADDR\[6\],13µm
_1536_,13µm
_0260_,12.98µm
_0592_,12.98µm
_1091_,12.96µm
_1371_,12.96µm
_2194_,12.96µm
net527,12.96µm
_1459_,12.94µm
_1895_,12.94µm
_2042_,12.94µm
net413,12.94µm
_1041_,12.92µm
U_TOP.U_CACHE.ic_a3\[1\],12.88µm
U_TOP.U_CACHE.ic_d2\[26\],12.88µm
_1598_,12.88µm
U_TOP.U_CPU.if_code_keep\[1\],12.85µm
U_TOP.U_CACHE.if_mis_req_addr_pend\[4\],12.8µm
_1465_,12.8µm
_1498_,12.78µm
_0409_,12.76µm
_1620_,12.76µm
net803,12.76µm
_0235_,12.74µm
_1500_,12.74µm
_1679_,12.74µm
U_TOP.U_CACHE.ic_d0\[6\],12.72µm
U_TOP.U_CACHE.ic_d1\[24\],12.72µm
_2595_,12.7µm
_0342_,12.68µm
_2582_,12.68µm
U_TOP.U_RAM.qspi_rxd_temp\[1\],12.66µm
_1265_,12.66µm
_2124_,12.66µm
_2156_,12.66µm
U_TOP.U_UART.BRG.sio_ce_x4_r,12.64µm
_2340_,12.64µm
_1198_,12.62µm
_2188_,12.6µm
_2282_,12.585µm
_1836_,12.58µm
_2183_,12.58µm
U_TOP.U_CACHE.bus_pend_addr\[11\],12.56µm
U_TOP.U_CACHE.ic_a3\[9\],12.54µm
_1586_,12.54µm
U_TOP.U_UART.BRG.cnt\[1\],12.52µm
_2215_,12.5µm
_2469_,12.5µm
_2648_,12.5µm
net820,12.5µm
_0662_,12.485µm
_1182_,12.48µm
_2473_,12.48µm
net668,12.48µm
net363,12.47µm
_0048_,12.445µm
_2254_,12.44µm
_2601_,12.44µm
_0276_,12.42µm
_1076_,12.42µm
net442,12.4µm
U_TOP.U_UART.BRG.br_cnt\[6\],12.34µm
_0209_,12.325µm
net730,12.32µm
U_TOP.U_CACHE.ic_d2\[16\],12.3µm
_0134_,12.3µm
net573,12.3µm
U_TOP.U_CACHE.ic_d3\[25\],12.28µm
_0466_,12.28µm
_0470_,12.28µm
_0535_,12.28µm
_2668_,12.28µm
U_TOP.U_CACHE.if_mis_req_addr_pend\[7\],12.26µm
net576,12.26µm
U_TOP.U_CACHE.ic_d0\[1\],12.24µm
_0007_,12.24µm
_2007_,12.24µm
_2050_,12.24µm
_2271_,12.24µm
U_TOP.U_CACHE.ic_d0\[13\],12.235µm
U_TOP.U_CACHE.dm_mis_dphase_addr\[2\],12.2µm
U_TOP.U_UART.U_SASC_TOP.dpll_state\[3\],12.2µm
_2491_,12.18µm
_0886_,12.16µm
_2245_,12.16µm
_2624_,12.16µm
net410,12.16µm
_0160_,12.14µm
U_TOP.U_CACHE.ic_a1\[8\],12.12µm
U_TOP.U_UART.BRG.ps\[7\],12.12µm
U_TOP.U_UART.U_SASC_TOP.tx_fifo.mem\[0\]\[2\],12.12µm
_0518_,12.12µm
_1044_,12.12µm
_1340_,12.12µm
_2125_,12.12µm
_2635_,12.12µm
U_TOP.U_UART.U_SASC_TOP.hold_reg\[0\],12.1µm
_0520_,12.085µm
U_TOP.U_CACHE.dc_a1\[4\],12.08µm
_1145_,12.08µm
_2057_,12.08µm
_2097_,12.06µm
_2317_,12.045µm
_1115_,12.04µm
U_TOP.U_CACHE.ic_d0\[4\],12.02µm
U_TOP.U_CACHE.bus_pend_addr\[9\],12µm
U_TOP.U_CACHE.dc_a1\[10\],12µm
U_TOP.U_UART.U_SASC_TOP.tx_fifo.mem\[1\]\[1\],12µm
_0627_,12µm
_0770_,12µm
_1045_,12µm
_2163_,12µm
_0119_,11.985µm
_1532_,11.96µm
_1764_,11.96µm
U_TOP.U_CACHE.bus_pend_wdata\[20\],11.955µm
U_TOP.U_CACHE.ic_d3\[0\],11.92µm
_0246_,11.92µm
_2120_,11.9µm
net825,11.9µm
U_TOP.U_CACHE.ic_a0\[6\],11.88µm
U_TOP.U_CACHE.ic_d1\[8\],11.88µm
_0368_,11.86µm
uio_oe[6],11.85µm
U_TOP.U_CACHE.ic_a2\[7\],11.84µm
_0311_,11.84µm
_0646_,11.84µm
_2238_,11.84µm
net510,11.84µm
net797,11.84µm
_0283_,11.82µm
_0451_,11.8µm
_2151_,11.8µm
U_TOP.U_UART.U_SASC_TOP.rxd_dly\[3\],11.78µm
_0041_,11.78µm
_0799_,11.78µm
_1370_,11.78µm
_2132_,11.78µm
net695,11.78µm
net786,11.78µm
U_TOP.U_RAM.state\[1\],11.765µm
net783,11.76µm
U_TOP.U_CACHE.ic_d3\[7\],11.74µm
_1927_,11.74µm
_2176_,11.74µm
_2485_,11.74µm
U_TOP.U_UART.U_SASC_TOP.tx_fifo.mem\[2\]\[6\],11.72µm
U_TOP.U_CACHE.ic_d3\[10\],11.7µm
_0332_,11.7µm
_1103_,11.7µm
_1970_,11.7µm
_2339_,11.7µm
_2462_,11.7µm
_0208_,11.685µm
U_TOP.U_CACHE.ic_a0\[1\],11.68µm
U_TOP.U_CACHE.ic_d1\[14\],11.68µm
net827,11.68µm
_0219_,11.665µm
U_TOP.U_CACHE.ic_d2\[21\],11.66µm
_0300_,11.66µm
_1057_,11.66µm
_1780_,11.66µm
_1892_,11.66µm
_2441_,11.66µm
_1077_,11.64µm
_2669_,11.64µm
_2091_,11.62µm
_2232_,11.62µm
_2314_,11.62µm
net483,11.62µm
net517,11.62µm
net659,11.62µm
_0427_,11.6µm
_1220_,11.58µm
_1826_,11.58µm
_2166_,11.58µm
net663,11.58µm
_2611_,11.56µm
net364,11.55µm
_1762_,11.54µm
_1452_,11.52µm
U_TOP.U_CACHE.ic_d3\[3\],11.5µm
_1215_,11.5µm
_2498_,11.5µm
_0290_,11.48µm
_0032_,11.46µm
_2549_,11.46µm
net641,11.46µm
_1519_,11.44µm
_2443_,11.44µm
net380,11.44µm
_0121_,11.425µm
U_TOP.U_CACHE.ic_d3\[21\],11.42µm
_0733_,11.42µm
_2278_,11.42µm
net836,11.42µm
U_TOP.U_UART.U_SASC_TOP.rx_fifo.mem\[2\]\[2\],11.41µm
_0503_,11.4µm
U_TOP.U_CACHE.ic_d2\[13\],11.385µm
U_TOP.U_CACHE.ic_d0\[30\],11.38µm
U_TOP.U_CACHE.ic_d1\[31\],11.38µm
_1088_,11.38µm
net739,11.38µm
net802,11.38µm
U_TOP.U_CACHE.ic_d0\[16\],11.36µm
U_TOP.U_UART.U_SASC_TOP.tx_fifo.mem\[0\]\[6\],11.36µm
_0364_,11.36µm
_1506_,11.35µm
_1671_,11.34µm
net383,11.335µm
U_TOP.U_CACHE.ic_d1\[11\],11.32µm
_1998_,11.32µm
U_TOP.U_CACHE.DM_ADDR\[7\],11.3µm
U_TOP.U_UART.U_SASC_TOP.rx_fifo.mem\[2\]\[1\],11.26µm
net537,11.26µm
_1706_,11.24µm
_1731_,11.24µm
U_TOP.U_CACHE.bus_pend_addr\[8\],11.22µm
_0095_,11.22µm
_0092_,11.205µm
U_TOP.U_CACHE.dc_v1,11.2µm
_2201_,11.2µm
_2210_,11.2µm
net571,11.2µm
_0593_,11.18µm
_2206_,11.18µm
net796,11.18µm
_1488_,11.16µm
_1822_,11.14µm
_1913_,11.14µm
_2705_,11.14µm
U_TOP.U_CACHE.ic_d2\[3\],11.125µm
U_TOP.U_CACHE.ic_a1\[9\],11.12µm
_1629_,11.12µm
_1798_,11.12µm
_2550_,11.12µm
net660,11.12µm
U_TOP.U_CACHE.ic_d0\[10\],11.1µm
_1347_,11.1µm
_1484_,11.1µm
_1916_,11.1µm
_1451_,11.08µm
net459,11.08µm
_1904_,11.06µm
net438,11.06µm
U_TOP.U_CPU.if_code_keep\[0\],11.05µm
U_TOP.U_CACHE.ic_d0\[24\],11.04µm
net417,11.04µm
net577,11.04µm
_0617_,11.02µm
_0689_,11.02µm
_2463_,11.02µm
_0472_,11µm
_0489_,11µm
_1481_,11µm
_2104_,10.98µm
_0761_,10.94µm
_1218_,10.94µm
net670,10.94µm
U_TOP.U_CACHE.bus_pend_wdata\[9\],10.92µm
_2234_,10.92µm
_0120_,10.905µm
U_TOP.U_CACHE.ic_d1\[16\],10.88µm
_0162_,10.88µm
net436,10.88µm
U_TOP.U_CACHE.bus_pend_addr\[6\],10.82µm
_0961_,10.82µm
_1614_,10.82µm
_0299_,10.8µm
_2262_,10.8µm
_2599_,10.8µm
net806,10.8µm
_1207_,10.78µm
_1237_,10.78µm
_2686_,10.78µm
net650,10.78µm
_2218_,10.76µm
_2286_,10.76µm
U_TOP.U_CACHE.IF_ADDR\[9\],10.74µm
U_TOP.U_CACHE.bus_pend_wdata\[28\],10.74µm
U_TOP.U_UART.U_SASC_TOP.tx_fifo.mem\[2\]\[5\],10.74µm
_1651_,10.74µm
_2604_,10.74µm
net842,10.74µm
U_TOP.U_UART.U_SASC_TOP.rx_fifo.gb,10.72µm
_2452_,10.72µm
_0093_,10.705µm
U_TOP.U_CACHE.ic_d2\[17\],10.7µm
_0454_,10.7µm
_0784_,10.68µm
_0169_,10.66µm
_1520_,10.66µm
_1875_,10.66µm
_1968_,10.66µm
_2255_,10.66µm
_2629_,10.66µm
U_TOP.U_CACHE.bus_pend_wdata\[16\],10.64µm
_2297_,10.64µm
U_TOP.U_CACHE.ic_a2\[4\],10.62µm
_0665_,10.62µm
_1129_,10.62µm
U_TOP.U_CACHE.IF_ADDR\[13\],10.6µm
_1183_,10.6µm
U_TOP.U_RAM.QSPI_SIO_E\[1\],10.58µm
_0701_,10.58µm
_1969_,10.58µm
net455,10.58µm
_0225_,10.565µm
_0377_,10.56µm
U_TOP.U_CACHE.ic_a3\[10\],10.55µm
_2651_,10.54µm
U_TOP.U_CACHE.ic_d3\[20\],10.525µm
U_TOP.U_UART.U_SASC_TOP.tx_fifo.mem\[2\]\[4\],10.5µm
_1020_,10.5µm
_1361_,10.5µm
U_TOP.U_CACHE.bus_pend_wdata\[21\],10.48µm
_0240_,10.46µm
_1178_,10.46µm
_2170_,10.46µm
U_TOP.U_UART.U_SASC_TOP.rx_fifo.mem\[1\]\[5\],10.44µm
_0435_,10.44µm
_2662_,10.44µm
_1815_,10.42µm
_2229_,10.42µm
_2502_,10.42µm
_2684_,10.42µm
_0464_,10.4µm
_2154_,10.4µm
net757,10.4µm
_2115_,10.38µm
_0589_,10.36µm
_1037_,10.36µm
_0684_,10.34µm
_1072_,10.34µm
_1394_,10.34µm
_1657_,10.34µm
_2646_,10.34µm
net784,10.34µm
_0113_,10.325µm
_0124_,10.325µm
net372,10.32µm
_0185_,10.32µm
_0530_,10.32µm
_1777_,10.32µm
_2041_,10.32µm
_2217_,10.32µm
_2258_,10.32µm
net580,10.32µm
net638,10.32µm
_0519_,10.3µm
_1635_,10.3µm
net696,10.285µm
U_TOP.U_UART.U_SASC_TOP.rx_fifo.mem\[2\]\[7\],10.245µm
U_TOP.U_CACHE.ic_d3\[16\],10.24µm
_0087_,10.24µm
_1770_,10.24µm
_2141_,10.24µm
_2343_,10.24µm
_2591_,10.24µm
net404,10.24µm
_1640_,10.22µm
_2685_,10.22µm
U_TOP.U_UART.U_SASC_TOP.tx_fifo.mem\[2\]\[3\],10.2µm
_1026_,10.2µm
_1593_,10.2µm
_1766_,10.2µm
_1781_,10.2µm
_2056_,10.2µm
_2488_,10.2µm
_2634_,10.18µm
net809,10.18µm
net365,10.17µm
U_TOP.U_UART.U_SASC_TOP.rx_fifo.mem\[1\]\[7\],10.16µm
U_TOP.U_UART.U_SASC_TOP.tx_fifo.mem\[3\]\[3\],10.16µm
_2077_,10.16µm
net808,10.16µm
_1135_,10.14µm
_0298_,10.12µm
_0895_,10.12µm
_1631_,10.12µm
_2094_,10.12µm
_0378_,10.1µm
_0497_,10.1µm
_0522_,10.1µm
_0917_,10.1µm
_2306_,10.1µm
U_TOP.U_UART.BRG.ps\[2\],10.08µm
U_TOP.U_UART.U_SASC_TOP.rx_sio_ce,10.08µm
_2572_,10.08µm
net468,10.08µm
U_TOP.U_CACHE.ic_d3\[14\],10.06µm
_1043_,10.06µm
_2373_,10.06µm
_1053_,10.04µm
_1538_,10.04µm
_1752_,10.04µm
_0396_,10.02µm
_2693_,10.02µm
U_TOP.U_CACHE.ic_d2\[20\],10µm
_0553_,10µm
_1549_,10µm
_0863_,9.98µm
net672,9.98µm
U_TOP.U_UART.U_SASC_TOP.hold_reg\[8\],9.96µm
_1661_,9.96µm
U_TOP.U_CACHE.bus_pend_addr\[15\],9.94µm
U_TOP.U_CACHE.bus_repl_addr\[7\],9.94µm
U_TOP.U_UART.U_SASC_TOP.tx_fifo.mem\[1\]\[4\],9.94µm
_0970_,9.94µm
_1917_,9.94µm
_1954_,9.94µm
_2211_,9.94µm
_1788_,9.92µm
_1974_,9.92µm
net543,9.92µm
_0096_,9.905µm
_0253_,9.9µm
U_TOP.U_CACHE.ic_d3\[6\],9.88µm
_2114_,9.88µm
net539,9.86µm
_2364_,9.84µm
_1008_,9.825µm
U_TOP.U_CACHE.ic_a1\[6\],9.82µm
U_TOP.U_CACHE.ic_d2\[9\],9.82µm
_0296_,9.82µm
_0826_,9.82µm
_1530_,9.82µm
_1568_,9.82µm
_2707_,9.82µm
_2710_,9.82µm
U_TOP.U_UART.BRG.sio_ce_r,9.8µm
_2244_,9.8µm
_1909_,9.78µm
net839,9.76µm
U_TOP.U_CPU.if_code_keep\[3\],9.75µm
U_TOP.U_UART.U_SASC_TOP.tx_fifo.mem\[3\]\[7\],9.74µm
_1317_,9.74µm
_1709_,9.74µm
_2111_,9.74µm
net525,9.74µm
_0044_,9.725µm
U_TOP.U_UART.U_SASC_TOP.rx_valid,9.72µm
U_TOP.U_CACHE.ic_a2\[0\],9.7µm
U_TOP.U_UART.U_SASC_TOP.rx_fifo.mem\[3\]\[7\],9.7µm
_2276_,9.7µm
_2590_,9.7µm
net421,9.66µm
net514,9.66µm
net572,9.66µm
_2152_,9.655µm
_1079_,9.64µm
_1531_,9.64µm
U_TOP.U_CACHE.ic_d2\[14\],9.62µm
_0140_,9.6µm
_1401_,9.6µm
_2304_,9.6µm
net376,9.585µm
_1257_,9.58µm
_2087_,9.58µm
_2222_,9.58µm
_0020_,9.565µm
_0037_,9.56µm
_0317_,9.56µm
_0482_,9.56µm
_2533_,9.56µm
_0350_,9.54µm
_0999_,9.54µm
_1941_,9.54µm
_1973_,9.54µm
_2605_,9.54µm
net610,9.54µm
U_TOP.U_CPU.ir_data_keep\[5\],9.52µm
U_TOP.U_UART.U_SASC_TOP.rxd_dly\[4\],9.52µm
_0251_,9.52µm
_0329_,9.52µm
_0370_,9.52µm
_0379_,9.52µm
_0415_,9.52µm
_0443_,9.52µm
_2185_,9.505µm
_0152_,9.48µm
_0457_,9.48µm
_0468_,9.48µm
_0900_,9.48µm
_1094_,9.48µm
_1415_,9.48µm
_2116_,9.48µm
_2299_,9.48µm
_2344_,9.48µm
net397,9.48µm
_2324_,9.47µm
U_TOP.U_CACHE.bus_pend_wdata\[15\],9.46µm
_0331_,9.46µm
_0825_,9.46µm
U_TOP.U_UART.U_SASC_TOP.tx_fifo.mem\[0\]\[4\],9.44µm
_2018_,9.44µm
_2402_,9.44µm
_1687_,9.4µm
_2280_,9.4µm
net617,9.4µm
_0444_,9.385µm
U_TOP.U_CACHE.ic_d0\[29\],9.36µm
U_TOP.U_CACHE.ic_d3\[9\],9.36µm
_0271_,9.36µm
_0861_,9.36µm
_2213_,9.36µm
U_TOP.U_CACHE.ic_d1\[28\],9.32µm
_1392_,9.32µm
net673,9.32µm
U_TOP.U_CACHE.bus_pend_wdata\[17\],9.3µm
_0793_,9.28µm
_1419_,9.28µm
_2448_,9.28µm
_0339_,9.265µm
_2248_,9.26µm
_0135_,9.24µm
_1128_,9.24µm
_1418_,9.24µm
_2318_,9.24µm
net785,9.24µm
net833,9.24µm
_0458_,9.225µm
_0699_,9.225µm
_0395_,9.2µm
_1794_,9.18µm
_1925_,9.18µm
U_TOP.U_CACHE.ic_d2\[28\],9.16µm
U_TOP.U_CACHE.ic_d2\[8\],9.16µm
_1483_,9.16µm
_1874_,9.16µm
_2565_,9.16µm
_2643_,9.16µm
_0393_,9.14µm
U_TOP.UART_TXD,9.13µm
_2240_,9.13µm
_1831_,9.12µm
_1342_,9.105µm
_0606_,9.1µm
_1066_,9.1µm
_1154_,9.1µm
_0529_,9.08µm
_2189_,9.08µm
_2681_,9.08µm
_0715_,9.04µm
_1170_,9.04µm
_2313_,9.04µm
_0866_,9.02µm
_0997_,9.02µm
_2060_,9.02µm
_2428_,9.02µm
_2690_,9.02µm
uio_oe[2],9.02µm
net782,9.02µm
U_TOP.U_CACHE.bus_pend_wdata\[18\],8.995µm
_0202_,8.98µm
_1720_,8.98µm
_1776_,8.98µm
_2009_,8.98µm
_2416_,8.98µm
_1458_,8.96µm
_2618_,8.96µm
_0871_,8.94µm
_1030_,8.94µm
_1453_,8.94µm
net581,8.94µm
net841,8.94µm
U_TOP.U_CACHE.ic_d1\[10\],8.9µm
U_TOP.U_CACHE.ic_d1\[1\],8.9µm
_2283_,8.9µm
_2359_,8.9µm
_2370_,8.9µm
_2398_,8.9µm
U_TOP.U_CPU.dr_data_keep\[0\],8.88µm
_0768_,8.86µm
net435,8.86µm
_1019_,8.84µm
_1205_,8.84µm
_1785_,8.84µm
net649,8.84µm
_0279_,8.82µm
_2134_,8.82µm
_0337_,8.805µm
_0625_,8.805µm
_1236_,8.8µm
_2002_,8.8µm
U_TOP.U_CACHE.ic_d0\[3\],8.78µm
U_TOP.U_UART.U_SASC_TOP.rx_fifo.mem\[0\]\[7\],8.78µm
_1176_,8.76µm
_0018_,8.74µm
_0137_,8.74µm
_1429_,8.74µm
_2456_,8.74µm
_2497_,8.74µm
net550,8.74µm
net607,8.74µm
net697,8.74µm
_0525_,8.72µm
_0655_,8.72µm
_0956_,8.72µm
_1604_,8.72µm
_0642_,8.7µm
net378,8.685µm
_0252_,8.68µm
_1938_,8.68µm
_2089_,8.68µm
net521,8.68µm
U_TOP.U_CACHE.ic_a3\[7\],8.66µm
U_TOP.U_CACHE.ic_d3\[11\],8.66µm
_1063_,8.66µm
net819,8.66µm
U_TOP.U_CACHE.ic_d3\[27\],8.64µm
_2294_,8.64µm
_0333_,8.62µm
_0540_,8.62µm
_0590_,8.62µm
U_TOP.U_CPU.ir_data_keep\[0\],8.6µm
_0652_,8.6µm
_0930_,8.6µm
_1579_,8.6µm
_2465_,8.6µm
net737,8.6µm
U_TOP.U_CACHE.ic_d1\[4\],8.565µm
U_TOP.U_UART.U_SASC_TOP.hold_reg\[2\],8.56µm
_1395_,8.56µm
_1477_,8.56µm
_2052_,8.56µm
_2110_,8.56µm
_2412_,8.56µm
U_TOP.U_CPU.dr_data_keep\[4\],8.54µm
_1363_,8.54µm
_1935_,8.54µm
net683,8.54µm
net452,8.525µm
_1475_,8.52µm
_2363_,8.52µm
net598,8.52µm
_0216_,8.5µm
_0595_,8.5µm
_1208_,8.5µm
_0538_,8.48µm
_1413_,8.48µm
_1582_,8.48µm
_2585_,8.48µm
net763,8.48µm
_0528_,8.465µm
U_TOP.U_RAM.QSPI_CS_N,8.45µm
_0028_,8.44µm
_0649_,8.44µm
_0853_,8.44µm
_2082_,8.44µm
_2187_,8.44µm
_2196_,8.44µm
net700,8.44µm
_2269_,8.42µm
_1881_,8.4µm
_2107_,8.4µm
_2123_,8.4µm
_2216_,8.4µm
U_TOP.U_CACHE.bus_repl_addr\[11\],8.36µm
U_TOP.U_UART.U_SASC_TOP.tx_fifo.mem\[1\]\[7\],8.36µm
_0704_,8.36µm
_1204_,8.36µm
_2558_,8.36µm
_2658_,8.36µm
_0479_,8.34µm
_1357_,8.34µm
_2220_,8.34µm
_2518_,8.34µm
net832,8.34µm
U_TOP.U_CACHE.ic_a2\[9\],8.32µm
U_TOP.U_UART.U_SASC_TOP.hold_reg\[7\],8.32µm
_2360_,8.32µm
_1977_,8.3µm
_2193_,8.3µm
net395,8.3µm
net501,8.3µm
net603,8.3µm
net716,8.3µm
_2006_,8.295µm
_0133_,8.28µm
_1362_,8.28µm
_1684_,8.28µm
_2079_,8.28µm
_2153_,8.28µm
_0321_,8.26µm
_2233_,8.25µm
_2285_,8.25µm
_0374_,8.24µm
net426,8.24µm
net845,8.24µm
_0341_,8.22µm
_0399_,8.22µm
_0663_,8.22µm
U_TOP.U_CACHE.ic_a1\[1\],8.2µm
_2224_,8.2µm
_0284_,8.18µm
_2583_,8.18µm
_0179_,8.16µm
_0269_,8.16µm
_0334_,8.16µm
_0340_,8.16µm
_0414_,8.16µm
_0494_,8.16µm
_0536_,8.16µm
_1316_,8.16µm
_1417_,8.16µm
_0618_,8.14µm
_0854_,8.14µm
_1901_,8.14µm
net419,8.14µm
net824,8.14µm
_2289_,8.125µm
U_TOP.U_CPU.ir_data_keep\[6\],8.12µm
_0906_,8.12µm
net460,8.12µm
_1751_,8.105µm
net379,8.105µm
_1060_,8.1µm
_1524_,8.1µm
_1848_,8.1µm
_2352_,8.1µm
net702,8.1µm
_1013_,8.08µm
_0108_,8.065µm
_0083_,8.06µm
_0484_,8.06µm
_0637_,8.06µm
_0679_,8.06µm
_0855_,8.06µm
_1517_,8.06µm
_2466_,8.06µm
U_TOP.U_UART.U_SASC_TOP.rx_fifo.mem\[3\]\[1\],8.04µm
_0753_,8.04µm
_0000_,8.02µm
_0136_,8.02µm
_0234_,8.02µm
_0830_,8.02µm
_1192_,8.02µm
_1492_,8.02µm
_2202_,8.02µm
_2325_,8.02µm
net594,8.02µm
net800,8.02µm
_2495_,7.995µm
_0981_,7.98µm
_1887_,7.98µm
_1912_,7.98µm
_1964_,7.98µm
_2356_,7.98µm
_2406_,7.98µm
_2464_,7.98µm
_2534_,7.98µm
net618,7.98µm
net777,7.98µm
U_TOP.U_CACHE.if_mis_req_addr_pend\[3\],7.96µm
_1793_,7.94µm
_1325_,7.92µm
_1609_,7.92µm
_1628_,7.92µm
_1814_,7.92µm
net791,7.92µm
U_TOP.U_CACHE.if_mis_req_addr_pend\[12\],7.9µm
U_TOP.U_CACHE.ic_d1\[20\],7.88µm
_0189_,7.88µm
_2040_,7.88µm
net831,7.88µm
U_TOP.U_CACHE.bus_pend_wdata\[27\],7.86µm
U_TOP.U_CACHE.ic_d3\[4\],7.86µm
_0039_,7.86µm
_1921_,7.86µm
net450,7.84µm
_0297_,7.82µm
_0696_,7.82µm
net418,7.82µm
_0221_,7.805µm
U_TOP.U_CACHE.ic_a1\[4\],7.8µm
_0243_,7.8µm
_0330_,7.8µm
_0659_,7.8µm
_0909_,7.8µm
U_TOP.U_CACHE.bus_pend_wdata\[12\],7.78µm
_1009_,7.78µm
net731,7.78µm
_0463_,7.76µm
_1213_,7.76µm
_1493_,7.76µm
_1891_,7.76µm
_2338_,7.75µm
_0306_,7.72µm
_0313_,7.72µm
_1597_,7.72µm
_1924_,7.7µm
_0644_,7.68µm
_0805_,7.68µm
_1507_,7.68µm
_2171_,7.68µm
_2310_,7.68µm
_2510_,7.68µm
_1155_,7.66µm
_1222_,7.66µm
_1355_,7.66µm
net461,7.66µm
net761,7.66µm
U_TOP.U_CACHE.DM_ADDR\[2\],7.64µm
U_TOP.U_CACHE.bus_repl_addr\[3\],7.64µm
U_TOP.U_CACHE.if_hit_dphase_addr\[0\],7.64µm
_0057_,7.64µm
_0345_,7.64µm
_0421_,7.64µm
_1385_,7.64µm
_2472_,7.64µm
_0323_,7.6µm
_1486_,7.6µm
_1652_,7.6µm
net451,7.6µm
net662,7.6µm
net689,7.6µm
net366,7.59µm
_1577_,7.58µm
net811,7.58µm
_0236_,7.56µm
_0512_,7.56µm
_1010_,7.56µm
_1092_,7.56µm
_1214_,7.56µm
_1864_,7.56µm
_2090_,7.56µm
_2358_,7.56µm
_2712_,7.56µm
_1348_,7.54µm
_2711_,7.54µm
_0492_,7.52µm
_1423_,7.52µm
_1466_,7.52µm
_2071_,7.52µm
net386,7.52µm
net559,7.52µm
net625,7.52µm
U_TOP.U_CACHE.ic_d0\[21\],7.5µm
_0315_,7.48µm
_0807_,7.48µm
_1223_,7.48µm
_2660_,7.48µm
_0278_,7.46µm
_1501_,7.46µm
net485,7.46µm
net644,7.46µm
net703,7.46µm
net767,7.46µm
_1840_,7.455µm
U_TOP.U_UART.U_SASC_TOP.tx_fifo.mem\[0\]\[1\],7.44µm
U_TOP.U_UART.U_SASC_TOP.tx_fifo.mem\[3\]\[5\],7.44µm
_1360_,7.44µm
_2150_,7.44µm
_2301_,7.44µm
net464,7.44µm
U_TOP.U_CACHE.if_mis_req_addr_pend\[5\],7.42µm
_0955_,7.42µm
net381,7.42µm
net736,7.42µm
net816,7.42µm
_0620_,7.4µm
_1169_,7.4µm
net405,7.38µm
_2098_,7.36µm
net489,7.36µm
net555,7.36µm
net595,7.36µm
_0104_,7.345µm
_0177_,7.34µm
_0776_,7.34µm
U_TOP.U_UART.U_SASC_TOP.dpll_state\[2\],7.32µm
_0599_,7.32µm
_0613_,7.32µm
_0616_,7.32µm
_2068_,7.32µm
_2332_,7.32µm
_0054_,7.31µm
_0245_,7.3µm
_1469_,7.3µm
_1767_,7.3µm
_2112_,7.295µm
_2619_,7.28µm
_1539_,7.275µm
_0438_,7.26µm
_0506_,7.26µm
_0877_,7.24µm
_1627_,7.24µm
_2231_,7.24µm
_2617_,7.24µm
_2642_,7.24µm
_0200_,7.22µm
_0515_,7.22µm
_1581_,7.22µm
_1882_,7.2µm
U_TOP.U_RAM.wdata\[2\],7.18µm
_0338_,7.18µm
_0355_,7.18µm
_0502_,7.18µm
_2053_,7.18µm
_2695_,7.18µm
_2699_,7.18µm
_2706_,7.18µm
net643,7.18µm
net645,7.18µm
_0192_,7.165µm
_1006_,7.16µm
_2126_,7.15µm
_0099_,7.145µm
U_TOP.U_CACHE.if_mis_dphase_addr\[0\],7.14µm
_1061_,7.14µm
_2600_,7.14µm
net440,7.14µm
net613,7.14µm
_0971_,7.1µm
_0977_,7.1µm
_1233_,7.1µm
_2172_,7.1µm
_2487_,7.1µm
_2587_,7.1µm
_2659_,7.1µm
U_TOP.U_CACHE.ic_d3\[12\],7.095µm
_2365_,7.08µm
U_TOP.U_CACHE.ic_d0\[9\],7.06µm
U_TOP.U_CPU.dr_data_keep\[6\],7.06µm
_0677_,7.06µm
_1505_,7.06µm
_1944_,7.06µm
_2454_,7.06µm
_2548_,7.06µm
_2664_,7.06µm
net509,7.06µm
net512,7.06µm
net616,7.06µm
_0259_,7.025µm
net652,7µm
net690,7µm
net813,7µm
_1721_,6.98µm
_1937_,6.98µm
_2239_,6.98µm
U_TOP.U_CACHE.ic_d1\[17\],6.96µm
_0808_,6.96µm
_1216_,6.96µm
net487,6.96µm
net788,6.96µm
U_TOP.U_CACHE.bus_pend_wdata\[23\],6.945µm
_0569_,6.94µm
_0602_,6.94µm
_1487_,6.94µm
net778,6.94µm
_1829_,6.92µm
_1936_,6.92µm
net437,6.92µm
_1503_,6.9µm
net401,6.9µm
net533,6.9µm
_0045_,6.885µm
_0462_,6.88µm
_0481_,6.88µm
_0624_,6.88µm
_0692_,6.88µm
_0844_,6.88µm
_0992_,6.88µm
_1603_,6.88µm
U_TOP.U_CACHE.bus_repl_addr\[4\],6.86µm
U_TOP.U_CACHE.ic_d1\[27\],6.86µm
_0363_,6.86µm
_1269_,6.86µm
_1681_,6.86µm
_2683_,6.86µm
net583,6.86µm
U_TOP.U_CACHE.ic_d0\[15\],6.84µm
_0161_,6.84µm
_0410_,6.84µm
_0429_,6.84µm
_1837_,6.84µm
_2694_,6.84µm
_0115_,6.825µm
_0122_,6.825µm
_2212_,6.795µm
_0779_,6.78µm
_1757_,6.78µm
_2178_,6.78µm
_2322_,6.78µm
net636,6.78µm
_0067_,6.76µm
_0227_,6.76µm
_0233_,6.76µm
_0765_,6.76µm
_0894_,6.76µm
_1528_,6.76µm
_2292_,6.76µm
net771,6.76µm
net810,6.76µm
_0638_,6.74µm
_0883_,6.74µm
_1760_,6.74µm
_2562_,6.74µm
net623,6.74µm
U_TOP.QSPI_SCK_E,6.72µm
U_TOP.U_CACHE.bus_pend_wdata\[24\],6.72µm
U_TOP.U_CPU.indent\[0\],6.72µm
U_TOP.U_UART.U_SASC_TOP.tx_fifo.mem\[0\]\[5\],6.72µm
_0523_,6.72µm
_1310_,6.72µm
_1491_,6.72µm
_1599_,6.72µm
_1643_,6.72µm
_1843_,6.72µm
_1993_,6.72µm
_2100_,6.72µm
_2345_,6.72µm
_2386_,6.72µm
_0059_,6.705µm
_0524_,6.7µm
_2102_,6.7µm
_0206_,6.685µm
net367,6.67µm
U_TOP.U_CACHE.bus_pend_addr\[5\],6.66µm
_1231_,6.66µm
_2479_,6.66µm
net462,6.66µm
U_TOP.U_UART.U_SASC_TOP.tx_fifo.mem\[3\]\[4\],6.64µm
_0422_,6.64µm
_1356_,6.64µm
_1626_,6.64µm
_1940_,6.64µm
_2081_,6.64µm
_2181_,6.64µm
_2353_,6.64µm
_2371_,6.64µm
net851,6.64µm
U_TOP.U_CACHE.ic_d2\[29\],6.62µm
_0148_,6.62µm
_2526_,6.62µm
_0611_,6.605µm
U_TOP.U_CACHE.ic_d2\[19\],6.6µm
_0596_,6.6µm
_1007_,6.6µm
_1910_,6.6µm
_2140_,6.6µm
_2195_,6.6µm
_2251_,6.6µm
_2257_,6.6µm
_2636_,6.6µm
net420,6.6µm
_2516_,6.54µm
_0003_,6.52µm
_1113_,6.52µm
_1704_,6.52µm
_2129_,6.52µm
_2551_,6.52µm
net498,6.52µm
net704,6.52µm
_0759_,6.5µm
net546,6.5µm
net628,6.5µm
U_TOP.U_CACHE.ic_d2\[6\],6.49µm
_0005_,6.48µm
_0164_,6.48µm
_0619_,6.48µm
_2137_,6.48µm
_0033_,6.46µm
_0879_,6.44µm
net411,6.44µm
net428,6.44µm
net488,6.44µm
net575,6.44µm
net684,6.44µm
net743,6.44µm
net769,6.44µm
_0157_,6.42µm
_0404_,6.42µm
_0628_,6.42µm
_1156_,6.42µm
_1442_,6.42µm
_1592_,6.42µm
U_TOP.U_CACHE.ic_d0\[18\],6.4µm
U_TOP.U_CACHE.ic_d3\[18\],6.4µm
U_TOP.U_RAM.wdata\[0\],6.4µm
_0418_,6.4µm
_0551_,6.38µm
_1227_,6.38µm
_2000_,6.38µm
net611,6.38µm
_0042_,6.365µm
_0102_,6.365µm
_0109_,6.365µm
_0123_,6.365µm
_0125_,6.365µm
_2517_,6.36µm
net408,6.36µm
U_TOP.U_RAM.QSPI_SIO_E\[0\],6.32µm
_0809_,6.32µm
_1229_,6.32µm
_2576_,6.32µm
net392,6.32µm
net432,6.32µm
_0035_,6.3µm
_0214_,6.3µm
_0261_,6.3µm
_0356_,6.3µm
_0431_,6.3µm
_0516_,6.3µm
_0657_,6.3µm
_0943_,6.3µm
_2261_,6.3µm
_2357_,6.3µm
_2420_,6.3µm
_2691_,6.3µm
net536,6.3µm
net545,6.3µm
net634,6.3µm
U_TOP.U_UART.U_SASC_TOP.tx_fifo.mem\[1\]\[0\],6.28µm
_1443_,6.28µm
net513,6.28µm
net516,6.28µm
U_TOP.U_CPU.dr_data_keep\[7\],6.26µm
U_TOP.U_UART.U_SASC_TOP.rxd_dly\[2\],6.26µm
_0286_,6.26µm
_0289_,6.26µm
_0448_,6.26µm
_0488_,6.26µm
_0975_,6.26µm
_1311_,6.26µm
_1398_,6.26µm
_1708_,6.26µm
_2064_,6.26µm
_2182_,6.26µm
_2243_,6.26µm
_2638_,6.26µm
net558,6.26µm
_0587_,6.24µm
_2045_,6.24µm
_0097_,6.225µm
_2128_,6.2µm
_2167_,6.2µm
_1350_,6.195µm
_0046_,6.185µm
_0110_,6.185µm
_0220_,6.185µm
_0857_,6.18µm
_1339_,6.18µm
_1929_,6.18µm
_2161_,6.18µm
_2614_,6.18µm
net817,6.18µm
_0560_,6.145µm
U_TOP.U_CACHE.IF_ADDR\[12\],6.14µm
U_TOP.U_CACHE.bus_pend_wdata\[31\],6.14µm
U_TOP.U_CACHE.bus_repl_addr\[9\],6.14µm
_0843_,6.14µm
_0888_,6.14µm
_1017_,6.14µm
_1312_,6.14µm
_1688_,6.14µm
_2065_,6.14µm
_2275_,6.14µm
_2531_,6.14µm
_2592_,6.14µm
net490,6.14µm
net519,6.14µm
net531,6.14µm
net587,6.14µm
net588,6.14µm
net843,6.14µm
_0217_,6.105µm
_2538_,6.08µm
net493,6.08µm
net630,6.08µm
net685,6.08µm
_1016_,6.06µm
_1256_,6.06µm
_2302_,6.06µm
_2556_,6.04µm
net530,6.04µm
net733,6.04µm
U_TOP.U_UART.BRG.ps_clr,6.02µm
_0312_,6.02µm
_0445_,6.02µm
_0622_,6.02µm
_0173_,5.985µm
net434,5.98µm
net480,5.98µm
net633,5.98µm
net844,5.98µm
_0153_,5.96µm
_0513_,5.96µm
_0568_,5.96µm
_0577_,5.96µm
_2004_,5.96µm
U_TOP.U_CACHE.ic_d0\[5\],5.94µm
U_TOP.U_CACHE.ic_d2\[11\],5.94µm
U_TOP.U_UART.U_SASC_TOP.hold_reg\[3\],5.94µm
_0070_,5.94µm
_0480_,5.94µm
_0573_,5.94µm
_1234_,5.94µm
_1436_,5.94µm
_2192_,5.94µm
_0292_,5.92µm
_0629_,5.92µm
_0862_,5.92µm
_1858_,5.92µm
_1999_,5.92µm
net564,5.9µm
_0224_,5.895µm
U_TOP.U_CACHE.ic_d3\[1\],5.86µm
U_TOP.U_UART.U_SASC_TOP.rx_sio_ce_r2,5.86µm
_0987_,5.86µm
_1494_,5.86µm
net585,5.86µm
net748,5.86µm
net766,5.86µm
U_TOP.U_CACHE.IF_ADDR\[8\],5.84µm
_0408_,5.84µm
_0428_,5.84µm
_0441_,5.84µm
_0690_,5.84µm
_0946_,5.84µm
_1561_,5.84µm
_1668_,5.84µm
_2005_,5.84µm
_2400_,5.84µm
_2506_,5.84µm
_2647_,5.84µm
net728,5.84µm
_0051_,5.82µm
_1509_,5.82µm
_1919_,5.82µm
_2323_,5.82µm
_2709_,5.82µm
net476,5.82µm
U_TOP.U_CACHE.ic_d3\[31\],5.8µm
U_TOP.U_CPU.ir_data_keep\[2\],5.8µm
U_TOP.U_CPU.ir_data_keep\[3\],5.8µm
_0201_,5.8µm
_0322_,5.8µm
_0361_,5.8µm
_0543_,5.8µm
_0626_,5.8µm
_0998_,5.8µm
_2058_,5.8µm
_2481_,5.8µm
_0263_,5.74µm
_2477_,5.74µm
_2567_,5.74µm
_1209_,5.72µm
_1426_,5.72µm
_1771_,5.72µm
_1888_,5.72µm
_1963_,5.72µm
_2066_,5.72µm
_2432_,5.72µm
_2612_,5.72µm
_2689_,5.72µm
_2717_,5.72µm
net653,5.7µm
_0358_,5.685µm
_0698_,5.68µm
_1029_,5.68µm
_1202_,5.68µm
_1367_,5.68µm
_1405_,5.68µm
_1504_,5.68µm
_1574_,5.68µm
_1768_,5.68µm
_2169_,5.68µm
_2557_,5.68µm
_2645_,5.68µm
_2696_,5.68µm
net497,5.68µm
net620,5.68µm
net658,5.68µm
_0439_,5.665µm
_0238_,5.645µm
_0575_,5.645µm
_1004_,5.62µm
net551,5.62µm
net656,5.62µm
_0194_,5.605µm
U_TOP.U_CACHE.bus_pend_addr\[12\],5.6µm
_1267_,5.6µm
_2273_,5.6µm
_2461_,5.6µm
_2633_,5.6µm
net524,5.6µm
net779,5.6µm
_0103_,5.58µm
_0112_,5.58µm
_0180_,5.58µm
_1425_,5.58µm
_2038_,5.58µm
net540,5.58µm
net718,5.58µm
net822,5.58µm
_1817_,5.56µm
net631,5.56µm
_1341_,5.52µm
_1665_,5.52µm
_1832_,5.52µm
_1902_,5.52µm
_2033_,5.52µm
_2186_,5.52µm
net674,5.52µm
net691,5.52µm
net758,5.52µm
net840,5.52µm
_0154_,5.5µm
_0280_,5.5µm
_0434_,5.5µm
_0673_,5.5µm
_2062_,5.5µm
net5,5.5µm
_0842_,5.49µm
U_TOP.U_CACHE.if_mis_req_addr_pend\[2\],5.48µm
_0197_,5.46µm
_0237_,5.46µm
_0310_,5.46µm
_0381_,5.46µm
_0476_,5.46µm
_0527_,5.46µm
_1769_,5.46µm
_1779_,5.46µm
_2135_,5.46µm
_2267_,5.46µm
_1825_,5.44µm
_0641_,5.4µm
net720,5.4µm
U_TOP.U_CACHE.ic_d0\[31\],5.38µm
_0010_,5.38µm
_0412_,5.38µm
_0630_,5.38µm
_1073_,5.38µm
_1833_,5.38µm
_2105_,5.38µm
_2555_,5.38µm
_2663_,5.38µm
net568,5.38µm
_1185_,5.36µm
_1386_,5.36µm
_1763_,5.36µm
_2475_,5.36µm
_2507_,5.36µm
_2568_,5.36µm
U_TOP.U_UART.BRG.sio_ce_x4_t,5.34µm
_0307_,5.34µm
_0324_,5.34µm
_0661_,5.34µm
_0936_,5.34µm
_1070_,5.34µm
_1972_,5.34µm
_2003_,5.34µm
_2410_,5.34µm
_0831_,5.28µm
_1654_,5.28µm
_1742_,5.28µm
_2422_,5.28µm
_2561_,5.28µm
_0222_,5.265µm
_1750_,5.265µm
U_TOP.U_RAM.wdata\[4\],5.26µm
_0401_,5.26µm
_0892_,5.26µm
_1081_,5.26µm
_1430_,5.26µm
_1462_,5.26µm
_2438_,5.26µm
_2708_,5.26µm
net586,5.26µm
net624,5.26µm
net708,5.26µm
net804,5.26µm
net852,5.26µm
_0583_,5.24µm
_1391_,5.24µm
_2480_,5.24µm
_1845_,5.235µm
_0666_,5.225µm
_0006_,5.22µm
_0785_,5.22µm
_0792_,5.22µm
_0801_,5.22µm
_0867_,5.22µm
_1314_,5.22µm
_1663_,5.22µm
_1926_,5.22µm
_2147_,5.22µm
_2528_,5.22µm
_0218_,5.165µm
_0449_,5.16µm
_1920_,5.16µm
_2620_,5.16µm
net528,5.16µm
_0053_,5.14µm
_0196_,5.14µm
_1268_,5.14µm
_2054_,5.14µm
_2200_,5.14µm
net735,5.14µm
net453,5.12µm
_1789_,5.1µm
_0835_,5.06µm
_0873_,5.06µm
_1167_,5.06µm
_1547_,5.06µm
_2049_,5.06µm
net554,5.06µm
net592,5.06µm
net705,5.06µm
net762,5.06µm
net768,5.06µm
_0249_,5.04µm
_0493_,5.04µm
_0495_,5.04µm
_0567_,5.04µm
_0584_,5.04µm
_0588_,5.04µm
_1903_,5.04µm
_0822_,5.02µm
_1303_,5.02µm
_1368_,5.02µm
_0036_,5µm
_0326_,5µm
_1646_,5µm
_1707_,5µm
_1797_,5µm
_2351_,5µm
net456,5µm
_1074_,4.94µm
_1550_,4.94µm
_2596_,4.94µm
_2682_,4.94µm
net474,4.94µm
net499,4.94µm
U_TOP.U_CACHE.bus_repl_addr\[10\],4.92µm
_0343_,4.92µm
_0465_,4.92µm
_0814_,4.92µm
_0988_,4.92µm
_2139_,4.92µm
_2236_,4.92µm
_2483_,4.92µm
net507,4.92µm
net600,4.92µm
net665,4.92µm
net742,4.92µm
U_TOP.U_CACHE.bus_pend_wdata\[11\],4.9µm
U_TOP.U_CACHE.ic_d3\[29\],4.9µm
_1402_,4.9µm
_2136_,4.9µm
_0013_,4.895µm
_1034_,4.885µm
_0275_,4.88µm
_0474_,4.88µm
_0828_,4.88µm
_0964_,4.88µm
_0979_,4.88µm
_1217_,4.88µm
_1470_,4.88µm
_1497_,4.88µm
_1621_,4.88µm
_1700_,4.88µm
_1711_,4.88µm
net707,4.88µm
_0872_,4.82µm
_1012_,4.82µm
_1448_,4.82µm
_1811_,4.82µm
_2554_,4.82µm
U_TOP.U_CPU.dr_data_keep\[3\],4.8µm
_0598_,4.8µm
_0723_,4.8µm
_0802_,4.8µm
_1723_,4.8µm
_1737_,4.8µm
_2092_,4.8µm
_2252_,4.8µm
_2426_,4.8µm
_2467_,4.8µm
_2714_,4.8µm
net755,4.8µm
net829,4.8µm
_1201_,4.78µm
_1594_,4.78µm
_2577_,4.78µm
_2145_,4.76µm
_2197_,4.76µm
_2335_,4.76µm
_2133_,4.74µm
_1162_,4.7µm
_1566_,4.7µm
net388,4.7µm
net812,4.7µm
net847,4.7µm
U_TOP.U_CACHE.bus_repl_addr\[15\],4.68µm
_0305_,4.68µm
_0490_,4.68µm
_0758_,4.68µm
_0990_,4.68µm
_1366_,4.68µm
_1479_,4.68µm
net467,4.675µm
_0262_,4.66µm
_0983_,4.66µm
_2626_,4.66µm
net402,4.66µm
net429,4.66µm
net439,4.66µm
net562,4.66µm
net680,4.66µm
net772,4.66µm
_0277_,4.6µm
_0455_,4.6µm
_1552_,4.6µm
_1565_,4.6µm
net465,4.6µm
net508,4.6µm
net535,4.6µm
net639,4.6µm
net648,4.6µm
net692,4.6µm
_0211_,4.585µm
U_TOP.U_UART.U_SASC_TOP.tx_fifo.rp\[0\],4.58µm
_0319_,4.58µm
_0387_,4.58µm
_0419_,4.58µm
_0500_,4.58µm
_0795_,4.58µm
_1839_,4.58µm
U_TOP.U_CACHE.bus_pend_wdata\[13\],4.56µm
_0432_,4.56µm
_0537_,4.56µm
_0562_,4.56µm
_2032_,4.56µm
net795,4.56µm
_0050_,4.54µm
_0077_,4.54µm
_0168_,4.54µm
_0508_,4.54µm
_0572_,4.54µm
_0597_,4.54µm
net563,4.54µm
net698,4.54µm
_1868_,4.52µm
_1232_,4.48µm
_1819_,4.48µm
_2039_,4.48µm
net4,4.48µm
net472,4.48µm
net481,4.48µm
U_TOP.U_CACHE.bus_repl_addr\[2\],4.46µm
U_TOP.U_CPU.ir_data_keep\[1\],4.46µm
U_TOP.U_UART.U_SASC_TOP.tx_fifo.mem\[1\]\[2\],4.46µm
_0072_,4.46µm
_0183_,4.46µm
_0336_,4.46µm
_0612_,4.46µm
_1206_,4.46µm
_2035_,4.46µm
_2073_,4.46µm
_2127_,4.46µm
_2505_,4.46µm
_2652_,4.46µm
_2674_,4.46µm
_2701_,4.46µm
net505,4.46µm
net567,4.46µm
net627,4.46µm
net657,4.46µm
net749,4.46µm
_1648_,4.44µm
_2067_,4.44µm
_0074_,4.42µm
_0228_,4.42µm
_2103_,4.42µm
net666,4.42µm
_0190_,4.405µm
_0105_,4.385µm
_0126_,4.385µm
_1866_,4.36µm
_2237_,4.36µm
_2564_,4.36µm
_2713_,4.36µm
_0178_,4.34µm
_0213_,4.34µm
_1292_,4.34µm
_1306_,4.34µm
_1601_,4.34µm
_1694_,4.34µm
_1809_,4.34µm
_1828_,4.34µm
_2076_,4.34µm
_2424_,4.34µm
_2522_,4.34µm
_2524_,4.34µm
_2584_,4.34µm
_2679_,4.34µm
net711,4.34µm
_1699_,4.32µm
net375,4.305µm
_0390_,4.3µm
_0061_,4.265µm
net621,4.24µm
net794,4.24µm
net798,4.24µm
_0131_,4.22µm
_0471_,4.22µm
_0526_,4.22µm
_0643_,4.22µm
_0447_,4.2µm
net593,4.2µm
net726,4.2µm
_1744_,4.18µm
_1166_,4.14µm
net463,4.14µm
_0501_,4.12µm
_0532_,4.12µm
_0545_,4.12µm
_0565_,4.12µm
_1548_,4.12µm
_2093_,4.12µm
U_TOP.U_UART.U_SASC_TOP.dpll_state\[0\],4.11µm
_0762_,4.1µm
_1812_,4.1µm
_1846_,4.1µm
_2692_,4.1µm
_0063_,4.095µm
_0175_,4.08µm
_0239_,4.08µm
_0566_,4.08µm
_1000_,4.08µm
_1035_,4.08µm
_1352_,4.08µm
_0199_,4.02µm
_0258_,4.02µm
_1555_,4.02µm
_2198_,4.02µm
_2383_,4.02µm
net681,4.02µm
U_TOP.U_CACHE.bus_pend_addr\[14\],4µm
U_TOP.U_CACHE.bus_pend_wdata\[10\],4µm
U_TOP.U_CPU.dr_data_keep\[1\],4µm
U_TOP.U_CPU.dr_data_keep\[5\],4µm
U_TOP.U_CPU.ir_data_keep\[4\],4µm
_0130_,4µm
_0187_,4µm
_0371_,4µm
_0400_,4µm
_0496_,4µm
_0509_,4µm
_0556_,4µm
_0824_,4µm
_0870_,4µm
_0882_,4µm
_1235_,4µm
_1607_,4µm
_1650_,4µm
_1677_,4µm
_1978_,4µm
_2017_,4µm
_2030_,4µm
_2250_,4µm
_2321_,4µm
_2442_,4µm
_2484_,4µm
net722,4µm
_0897_,3.98µm
_1024_,3.98µm
_1048_,3.98µm
_1880_,3.98µm
_1933_,3.98µm
_2468_,3.98µm
_1962_,3.93µm
_0090_,3.925µm
_0450_,3.91µm
U_TOP.U_UART.U_SASC_TOP.rx_sio_ce_r1,3.9µm
_2180_,3.9µm
_2535_,3.9µm
U_TOP.U_CACHE.bus_repl_addr\[6\],3.88µm
_0369_,3.88µm
_0918_,3.88µm
_1027_,3.88µm
_1344_,3.88µm
_1638_,3.88µm
_1660_,3.88µm
_1791_,3.88µm
_2199_,3.88µm
_2253_,3.88µm
_2372_,3.88µm
_2450_,3.88µm
_2644_,3.88µm
net389,3.88µm
net504,3.88µm
net547,3.88µm
net599,3.88µm
net669,3.88µm
net719,3.88µm
net724,3.88µm
_0156_,3.86µm
_0094_,3.805µm
_0058_,3.78µm
_1899_,3.78µm
_2113_,3.78µm
_2159_,3.78µm
net377,3.78µm
net430,3.78µm
net479,3.78µm
net604,3.78µm
net732,3.78µm
net753,3.78µm
net793,3.78µm
_0052_,3.76µm
_0281_,3.76µm
_0308_,3.76µm
_0460_,3.76µm
_0504_,3.76µm
_0582_,3.76µm
_0621_,3.76µm
_0667_,3.76µm
_0674_,3.76µm
net667,3.76µm
_1965_,3.74µm
net357,3.73µm
net360,3.73µm
_0849_,3.68µm
_2063_,3.68µm
_2158_,3.68µm
_2500_,3.68µm
net431,3.68µm
net578,3.68µm
net596,3.68µm
net622,3.68µm
net686,3.68µm
net790,3.68µm
net846,3.68µm
_0073_,3.66µm
_0198_,3.66µm
_0204_,3.66µm
_0346_,3.66µm
_0352_,3.66µm
_0359_,3.66µm
_0559_,3.66µm
_0574_,3.66µm
_0668_,3.66µm
_1820_,3.66µm
U_TOP.U_CACHE.if_hit_dphase_addr\[1\],3.64µm
_0142_,3.64µm
_1380_,3.64µm
_1050_,3.62µm
uio_oe[3],3.58µm
_0226_,3.56µm
_0248_,3.56µm
_1210_,3.56µm
_2657_,3.56µm
net475,3.56µm
net511,3.56µm
U_TOP.U_UART.U_SASC_TOP.rxd_r,3.54µm
net374,3.54µm
_0241_,3.54µm
_0403_,3.54µm
_0561_,3.54µm
_0578_,3.54µm
_0669_,3.54µm
_0750_,3.54µm
_1181_,3.54µm
_1287_,3.54µm
_1438_,3.54µm
_1461_,3.54µm
_1612_,3.54µm
_1662_,3.54µm
_1701_,3.54µm
_1872_,3.54µm
_2106_,3.54µm
_2486_,3.54µm
net494,3.54µm
net589,3.54µm
net614,3.54µm
net635,3.54µm
net713,3.54µm
_0181_,3.52µm
_0268_,3.52µm
_1649_,3.52µm
_2086_,3.52µm
_0064_,3.515µm
_0088_,3.465µm
_0098_,3.465µm
_1580_,3.44µm
_1728_,3.44µm
_2143_,3.44µm
_2300_,3.44µm
_2404_,3.44µm
_2715_,3.44µm
_2072_,3.43µm
_0165_,3.42µm
_1383_,3.42µm
_1463_,3.42µm
_1758_,3.42µm
_2034_,3.42µm
_2162_,3.42µm
_2266_,3.42µm
_2476_,3.42µm
_2494_,3.42µm
_2563_,3.42µm
_2667_,3.42µm
net399,3.42µm
net775,3.42µm
_1140_,3.325µm
_0060_,3.32µm
net406,3.32µm
_0172_,3.3µm
_0288_,3.3µm
_0498_,3.3µm
_0544_,3.3µm
_0550_,3.3µm
_0552_,3.3µm
_0660_,3.3µm
net477,3.3µm
net368,3.27µm
_0114_,3.225µm
_0477_,3.22µm
_0967_,3.22µm
_2382_,3.22µm
net393,3.22µm
net760,3.22µm
net828,3.22µm
_0002_,3.2µm
_0080_,3.2µm
_0171_,3.2µm
_0272_,3.2µm
_0282_,3.2µm
_0316_,3.2µm
_0348_,3.2µm
_0360_,3.2µm
_0366_,3.2µm
_0375_,3.2µm
_0384_,3.2µm
_0385_,3.2µm
_0388_,3.2µm
_0394_,3.2µm
_0433_,3.2µm
_0478_,3.2µm
_0563_,3.2µm
_0594_,3.2µm
_0601_,3.2µm
_0609_,3.2µm
_0610_,3.2µm
_0639_,3.2µm
_1439_,3.2µm
net492,3.2µm
net615,3.2µm
_0079_,3.18µm
_0694_,3.1µm
_1623_,3.1µm
_2031_,3.1µm
_2083_,3.1µm
_2512_,3.1µm
net484,3.1µm
U_TOP.U_CPU.dr_data_keep\[2\],3.08µm
U_TOP.U_UART.U_SASC_TOP.rxd_dly\[5\],3.08µm
_0184_,3.08µm
_0347_,3.08µm
_0373_,3.08µm
_0505_,3.08µm
_0571_,3.08µm
_0603_,3.08µm
_0614_,3.08µm
_0640_,3.08µm
_0647_,3.08µm
_0811_,3.08µm
_1059_,3.08µm
_1147_,3.08µm
_1639_,3.08µm
_1715_,3.08µm
_1790_,3.08µm
_1853_,3.08µm
_2122_,3.08µm
_2444_,3.08µm
_2489_,3.08µm
_2547_,3.08µm
_2716_,3.08µm
net597,3.08µm
_0055_,3.06µm
_1334_,3.06µm
_0210_,3.045µm
net387,3.045µm
_0001_,2.98µm
_0671_,2.98µm
_1153_,2.98µm
_0038_,2.96µm
_0672_,2.96µm
_0788_,2.96µm
_0803_,2.96µm
_1301_,2.96µm
_1353_,2.96µm
_1510_,2.96µm
_1518_,2.96µm
_1576_,2.96µm
_1716_,2.96µm
_1787_,2.96µm
_1928_,2.96µm
_2230_,2.96µm
_2316_,2.96µm
_2460_,2.96µm
_2606_,2.96µm
net457,2.96µm
net458,2.96µm
net556,2.96µm
net601,2.96µm
net756,2.96µm
_1564_,2.955µm
net448,2.955µm
_0009_,2.925µm
net354,2.9µm
net355,2.9µm
net356,2.9µm
net358,2.9µm
net359,2.9µm
net361,2.9µm
net362,2.9µm
net369,2.9µm
net353,2.9µm
_0027_,2.86µm
_0207_,2.86µm
_1038_,2.86µm
_2109_,2.86µm
net557,2.86µm
net608,2.86µm
_0069_,2.84µm
_0086_,2.84µm
_0166_,2.84µm
_0386_,2.84µm
_0416_,2.84µm
_0423_,2.84µm
_0564_,2.84µm
_0631_,2.84µm
_0653_,2.84µm
_1434_,2.84µm
net548,2.84µm
_0062_,2.785µm
_0111_,2.785µm
_0774_,2.76µm
_1683_,2.76µm
_1871_,2.76µm
net400,2.76µm
net414,2.76µm
net427,2.76µm
net446,2.76µm
net447,2.76µm
net542,2.76µm
net544,2.76µm
net693,2.76µm
net765,2.76µm
net776,2.76µm
net807,2.76µm
net850,2.76µm
_0040_,2.74µm
_0049_,2.74µm
_0056_,2.74µm
_0065_,2.74µm
_0081_,2.74µm
_0127_,2.74µm
_0149_,2.74µm
_0150_,2.74µm
_0151_,2.74µm
_0155_,2.74µm
_0182_,2.74µm
_0231_,2.74µm
_0232_,2.74µm
_0274_,2.74µm
_0291_,2.74µm
_0327_,2.74µm
_0354_,2.74µm
_0397_,2.74µm
_0425_,2.74µm
_0511_,2.74µm
_0539_,2.74µm
_0554_,2.74µm
_0579_,2.74µm
_0607_,2.74µm
_0615_,2.74µm
_0650_,2.74µm
_0658_,2.74µm
_0681_,2.74µm
_1818_,2.74µm
_1906_,2.74µm
net523,2.74µm
net752,2.74µm
_1125_,2.72µm
_2676_,2.72µm
_0034_,2.64µm
_0507_,2.64µm
_0514_,2.64µm
_0547_,2.64µm
_0604_,2.64µm
_0608_,2.64µm
_1896_,2.64µm
_2574_,2.64µm
net541,2.64µm
U_TOP.U_CPU.dr_data\[2\],2.62µm
net373,2.62µm
_0230_,2.62µm
_0255_,2.62µm
_0257_,2.62µm
_0265_,2.62µm
_0335_,2.62µm
_0383_,2.62µm
_0391_,2.62µm
_0486_,2.62µm
_0557_,2.62µm
_0558_,2.62µm
_0634_,2.62µm
_0635_,2.62µm
_0972_,2.62µm
_0980_,2.62µm
_0991_,2.62µm
_1159_,2.62µm
_1349_,2.62µm
_1616_,2.62µm
_1632_,2.62µm
_1786_,2.62µm
_1813_,2.62µm
_1869_,2.62µm
_2059_,2.62µm
_2118_,2.62µm
_2175_,2.62µm
_2177_,2.62µm
_2434_,2.62µm
_2440_,2.62µm
net478,2.62µm
net500,2.62µm
net647,2.62µm
_0107_,2.545µm
_0293_,2.52µm
_1018_,2.52µm
_1055_,2.52µm
_1702_,2.52µm
_1835_,2.52µm
_2121_,2.52µm
U_TOP.U_CACHE.dm_hit_dphase_addr\[2\],2.5µm
_0800_,2.5µm
_0993_,2.5µm
_1064_,2.5µm
_1338_,2.5µm
_1499_,2.5µm
_1583_,2.5µm
_1606_,2.5µm
_1618_,2.5µm
_1655_,2.5µm
_1676_,2.5µm
_1678_,2.5µm
_1682_,2.5µm
_1730_,2.5µm
_1810_,2.5µm
_1830_,2.5µm
_1841_,2.5µm
_1934_,2.5µm
_2048_,2.5µm
_2074_,2.5µm
_2096_,2.5µm
_2209_,2.5µm
_2303_,2.5µm
_2342_,2.5µm
_2544_,2.5µm
_2545_,2.5µm
_2671_,2.5µm
_2698_,2.5µm
net482,2.5µm
net637,2.5µm
_0351_,2.465µm
_0004_,2.42µm
_0116_,2.42µm
_1675_,2.4µm
_2654_,2.4µm
net403,2.4µm
net496,2.4µm
net553,2.4µm
net654,2.4µm
net699,2.4µm
net750,2.4µm
net815,2.4µm
net821,2.4µm
_0145_,2.38µm
_0163_,2.38µm
_0398_,2.38µm
net491,2.38µm
_0864_,2.375µm
_0223_,2.325µm
_0325_,2.31µm
_0146_,2.305µm
_0459_,2.305µm
_0485_,2.305µm
_0585_,2.305µm
U_TOP.U_CPU.dr_data\[1\],2.3µm
_0467_,2.3µm
_2119_,2.3µm
_2661_,2.3µm
net396,2.3µm
net415,2.3µm
net422,2.3µm
net486,2.3µm
net495,2.3µm
net515,2.3µm
net522,2.3µm
net532,2.3µm
net534,2.3µm
net549,2.3µm
net552,2.3µm
net560,2.3µm
net561,2.3µm
net565,2.3µm
net570,2.3µm
net579,2.3µm
net582,2.3µm
net605,2.3µm
net629,2.3µm
net642,2.3µm
net706,2.3µm
net710,2.3µm
net714,2.3µm
net717,2.3µm
net740,2.3µm
net744,2.3µm
net745,2.3µm
net747,2.3µm
net759,2.3µm
net764,2.3µm
net774,2.3µm
net787,2.3µm
net792,2.3µm
net805,2.3µm
net818,2.3µm
net826,2.3µm
net837,2.3µm
net838,2.3µm
net853,2.3µm
_0030_,2.295µm
U_TOP.U_UART.U_SASC_TOP.rx_valid_r,2.28µm
_0078_,2.28µm
_0138_,2.28µm
_0167_,2.28µm
_0203_,2.28µm
_0205_,2.28µm
_0273_,2.28µm
_0294_,2.28µm
_0372_,2.28µm
_0382_,2.28µm
_0392_,2.28µm
_0407_,2.28µm
_0417_,2.28µm
_0424_,2.28µm
_0440_,2.28µm
_0510_,2.28µm
_0517_,2.28µm
_0531_,2.28µm
_0549_,2.28µm
_0555_,2.28µm
_0570_,2.28µm
_0581_,2.28µm
_0623_,2.28µm
_0675_,2.28µm
_0678_,2.28µm
_1042_,2.28µm
_1485_,2.28µm
_1525_,2.28µm
_1713_,2.28µm
net677,2.28µm
_0267_,2.205µm
_0068_,2.18µm
_0147_,2.18µm
_0176_,2.18µm
_0250_,2.18µm
_0254_,2.18µm
_0287_,2.18µm
_0411_,2.18µm
_0456_,2.18µm
_0469_,2.18µm
_0541_,2.18µm
_0605_,2.18µm
_0633_,2.18µm
_0636_,2.18µm
_1075_,2.18µm
_1433_,2.18µm
_1690_,2.18µm
_1992_,2.18µm
_2155_,2.18µm
_2168_,2.18µm
_2384_,2.18µm
net520,2.18µm
_0017_,2.16µm
_0129_,2.16µm
_0132_,2.16µm
_0144_,2.16µm
_0158_,2.16µm
_0229_,2.16µm
_0242_,2.16µm
_0264_,2.16µm
_0285_,2.16µm
_0406_,2.16µm
_0437_,2.16µm
_0453_,2.16µm
_0521_,2.16µm
_0546_,2.16µm
_0548_,2.16µm
_0580_,2.16µm
_0651_,2.16µm
_0654_,2.16µm
_0656_,2.16µm
_0670_,2.16µm
_0789_,2.16µm
_0818_,2.16µm
_0860_,2.16µm
_0891_,2.16µm
_0978_,2.16µm
_1001_,2.16µm
_1089_,2.16µm
_1345_,2.16µm
_1455_,2.16µm
_1667_,2.16µm
_1698_,2.16µm
_1823_,2.16µm
_2144_,2.16µm
_2165_,2.16µm
_2226_,2.16µm
_2478_,2.16µm
net390,2.16µm
net454,2.16µm
net675,2.16µm
net814,2.16µm
_0195_,2.085µm
_1748_,2.06µm
_2349_,2.06µm
_2394_,2.06µm
_2396_,2.06µm
_2430_,2.06µm
_2490_,2.06µm
_0349_,2.04µm
_0452_,2.04µm
_1514_,2.04µm
_1821_,2.04µm
_1905_,2.04µm
_2219_,2.04µm
_2308_,2.04µm
_2553_,2.04µm
_2573_,2.04µm
_2581_,2.04µm
_2586_,2.04µm
_2677_,2.04µm
net725,2.04µm
_0019_,2.025µm
_0188_,2.025µm
_0193_,2.025µm
_0534_,2.005µm
_1336_,1.94µm
_1867_,1.94µm
_2046_,1.94µm
_2191_,1.94µm
net518,1.94µm
net574,1.94µm
net626,1.94µm
net676,1.94µm
net688,1.94µm
net715,1.94µm
_0191_,1.865µm
_0380_,1.85µm
_0442_,1.85µm
_0128_,1.845µm
_0353_,1.845µm
_0270_,1.84µm
_0473_,1.84µm
_0491_,1.84µm
_0682_,1.84µm
_0806_,1.84µm
_0819_,1.84µm
_0839_,1.84µm
_1450_,1.84µm
_1569_,1.84µm
_1686_,1.84µm
_1693_,1.84µm
_1988_,1.84µm
_2190_,1.84µm
_2688_,1.84µm
net407,1.84µm
net433,1.84µm
net443,1.84µm
net469,1.84µm
net526,1.84µm
net538,1.84µm
net584,1.84µm
net591,1.84µm
net606,1.84µm
net612,1.84µm
net640,1.84µm
net655,1.84µm
net682,1.84µm
net701,1.84µm
net709,1.84µm
net723,1.84µm
net727,1.84µm
net729,1.84µm
net751,1.84µm
net823,1.84µm
net848,1.84µm
net849,1.84µm
_0008_,1.82µm
_0031_,1.82µm
_0066_,1.82µm
_0075_,1.82µm
_0082_,1.82µm
_0085_,1.82µm
_0143_,1.82µm
_0244_,1.82µm
_0247_,1.82µm
_0256_,1.82µm
_0328_,1.82µm
_0344_,1.82µm
_0357_,1.82µm
_0362_,1.82µm
_0376_,1.82µm
_0413_,1.82µm
_0420_,1.82µm
_0430_,1.82µm
_0461_,1.82µm
_0487_,1.82µm
_0533_,1.82µm
_0542_,1.82µm
_0586_,1.82µm
_0664_,1.82µm
_0676_,1.82µm
_1054_,1.82µm
_1489_,1.82µm
_1587_,1.82µm
_1637_,1.82µm
_2287_,1.82µm
net789,1.82µm
_0600_,1.75µm
net569,1.74µm
_2259_,1.72µm
_2350_,1.72µm
_2519_,1.72µm
_2579_,1.72µm
net801,1.72µm
U_TOP.U_CACHE.if_mis_dphase_addr\[2\],1.7µm
_0084_,1.7µm
_0159_,1.7µm
_0266_,1.7µm
_0367_,1.7µm
_0426_,1.7µm
_0648_,1.7µm
_0680_,1.7µm
_0683_,1.7µm
_1015_,1.7µm
_1422_,1.7µm
_1625_,1.7µm
_1634_,1.7µm
net444,1.7µm
net694,1.7µm
net738,1.7µm
net416,1.685µm
net473,1.685µm
_0996_,1.48µm
_2265_,1.48µm
_2639_,1.48µm
net409,1.48µm
net651,1.48µm
net754,1.48µm
_2164_,1.46µm
_0100_,1.405µm
_0893_,1.38µm
_1219_,1.38µm
_1523_,1.38µm
_1617_,1.38µm
_1672_,1.38µm
_1834_,1.38µm
_2043_,1.38µm
_2085_,1.38µm
_2703_,1.38µm
net425,1.38µm
net602,1.38µm
net721,1.38µm
net746,1.38µm
net834,1.38µm
net835,1.38µm
U_TOP.U_CACHE.IF_ADDR\[11\],1.36µm
_0011_,1.36µm
_0029_,1.36µm
_0301_,1.36µm
_0365_,1.36µm
_0483_,1.36µm
_0499_,1.36µm
_0591_,1.36µm
_0632_,1.36µm
_1052_,1.36µm
U_TOP.U_CACHE.IF_ADDR\[7\],1.26µm
_1595_,1.26µm
_1696_,1.26µm
_2366_,1.26µm
_2560_,1.26µm
_2666_,1.26µm
_1005_,1.15µm
_2268_,1.15µm
_2296_,1.15µm
_0804_,1.14µm
_1230_,1.14µm
_2142_,1.14µm
_2570_,1.14µm
_1014_,1.02µm
_1522_,1.02µm
_2020_,1.02µm
_2702_,1.02µm
net424,1.02µm
net502,1.02µm
net503,1.02µm
net773,1.02µm
net780,1.02µm
_0691_,0.92µm
_0714_,0.92µm
_1705_,0.92µm
_1755_,0.92µm
_2051_,0.92µm
_2101_,0.92µm
_2173_,0.92µm
_2718_,0.92µm
net370,0.92µm
net471,0.92µm
net734,0.92µm
_2536_,0.82µm
U_TOP.U_UART.U_SASC_TOP.hold_reg\[4\],0.8µm
_0021_,0.8µm
_1197_,0.8µm
_1644_,0.8µm
_1824_,0.8µm
_2044_,0.8µm
_0012_,0.46µm
_0813_,0.46µm
_0899_,0.46µm
_0954_,0.46µm
_1003_,0.46µm
_1036_,0.46µm
_1083_,0.46µm
_1098_,0.46µm
_1384_,0.46µm
_1778_,0.46µm
_1783_,0.46µm
_1870_,0.46µm
_2203_,0.46µm
_2621_,0.46µm
net423,0.46µm
net609,0.46µm
net664,0.46µm
